IDTURMA;DESCRICAO;DIASEMANA;DIASEMANA_N;HORAINICIAL;HORAFINAL;CH_MINUTOS_SEMANA;CH_MINUTOS_MES;IDLOCAL;LOCAL;IDCURSO;TIPO;RECEITA;QTDALUNOS;RECEITA_SEMANA
20331;TURMA 1;3-5;TER-QUI;16:20;17:50;180;810.0;6;Local 6;13;INFANTIL;8509.508000;12;1891.001777
20332;TURMA 2;2-4;SEG-QUA;16:20;17:50;180;810.0;6;Local 6;13;INFANTIL;9650.546000;14;2144.565777
20333;TURMA 3;3-5;TER-QUI;16:20;17:50;180;810.0;6;Local 6;13;INFANTIL;11487.544000;15;2552.787555
20334;TURMA 4;2-4;SEG-QUA;16:20;17:50;180;810.0;6;Local 6;13;INFANTIL;9103.878000;11;2023.084000
20335;TURMA 5;3-5;TER-QUI;14:20;15:50;180;810.0;6;Local 6;13;INFANTIL;11421.654000;14;2538.145333
20336;TURMA 6;2-4;SEG-QUA;16:20;17:50;180;810.0;6;Local 6;13;INFANTIL;14092.730000;17;3131.717777
20337;TURMA 7;3-5;TER-QUI;14:20;15:50;180;810.0;6;Local 6;13;INFANTIL;6335.882000;8;1407.973777
20338;TURMA 8;2-4;SEG-QUA;16:20;17:50;180;810.0;6;Local 6;13;INFANTIL;9969.344000;12;2215.409777
20339;TURMA 9;3-5;TER-QUI;16:20;17:50;180;810.0;6;Local 6;13;INFANTIL;10926.318000;13;2428.070666
20340;TURMA 10;3-5;TER-QUI;14:20;15:50;180;810.0;6;Local 6;13;INFANTIL;8796.106000;11;1954.690222
20341;TURMA 11;3-5;TER-QUI;16:20;17:50;180;810.0;6;Local 6;13;INFANTIL;12079.334000;14;2684.296444
20342;TURMA 12;3-5;TER-QUI;19:00;20:15;150;675.0;6;Local 6;5;ADULTO;3807.796000;9;846.176888
20343;TURMA 13;3-5;TER-QUI;19:00;20:15;150;675.0;6;Local 6;5;ADULTO;2614.252000;6;580.944888
20344;TURMA 14;7;SAB;09:00;12:05;185;832.5;6;Local 6;5;ADULTO;2394.564000;9;532.125333
20345;TURMA 15;3-5;TER-QUI;09:00;10:30;180;810.0;6;Local 6;11;INFANTIL;12529.336000;17;2784.296888
20346;TURMA 16;3-5;TER-QUI;09:00;10:30;180;810.0;6;Local 6;11;INFANTIL;4480.548000;6;995.677333
20347;TURMA 17;3-5;TER-QUI;09:00;10:30;180;810.0;6;Local 6;12;INFANTIL;8922.334000;12;1982.740888
20348;TURMA 18;3-5;TER-QUI;09:00;10:30;180;810.0;6;Local 6;12;INFANTIL;7465.754000;10;1659.056444
20349;TURMA 19;2-4;SEG-QUA;14:20;15:50;180;810.0;6;Local 6;12;INFANTIL;10103.040000;13;2245.120000
20350;TURMA 20;2-4;SEG-QUA;16:20;17:50;180;810.0;6;Local 6;12;INFANTIL;5903.010000;7;1311.780000
20351;TURMA 21;3-5;TER-QUI;16:20;17:50;180;810.0;6;Local 6;12;INFANTIL;11303.884000;15;2511.974222
20352;TURMA 22;7;SAB;09:00;12:15;195;877.5;6;Local 6;12;INFANTIL;11369.366000;15;2526.525777
20353;TURMA 23;2-4;SEG-QUA;14:20;15:50;180;810.0;6;Local 6;12;INFANTIL;7790.756000;11;1731.279111
20354;TURMA 24;3-5;TER-QUI;14:20;15:50;180;810.0;6;Local 6;12;INFANTIL;11205.040000;14;2490.008888
20355;TURMA 25;3-5;TER-QUI;09:00;10:30;180;810.0;6;Local 6;12;INFANTIL;8117.530000;11;1803.895555
20356;TURMA 26;2-4;SEG-QUA;14:20;15:50;180;810.0;6;Local 6;13;INFANTIL;9841.676000;13;2187.039111
20357;TURMA 27;3-5;TER-QUI;16:20;17:50;180;810.0;6;Local 6;13;INFANTIL;13257.778000;17;2946.172888
20358;TURMA 28;3-5;TER-QUI;16:20;17:50;180;810.0;6;Local 6;13;INFANTIL;12877.390000;17;2861.642222
20359;TURMA 29;3-5;TER-QUI;14:10;15:40;180;810.0;6;Local 6;13;INFANTIL;5527.198000;8;1228.266222
20360;TURMA 30;3-5;TER-QUI;14:10;15:40;180;810.0;6;Local 6;13;INFANTIL;7122.566000;9;1582.792444
20361;TURMA 31;3-5;TER-QUI;14:10;15:40;180;810.0;6;Local 6;13;INFANTIL;4702.822000;6;1045.071555
20362;TURMA 32;3-5;TER-QUI;14:10;15:40;180;810.0;6;Local 6;13;INFANTIL;5595.886000;9;1243.530222
20363;TURMA 33;7;SAB;09:00;12:15;195;877.5;6;Local 6;13;INFANTIL;7481.104000;11;1662.467555
20364;TURMA 34;7;SAB;09:00;12:15;195;877.5;6;Local 6;13;INFANTIL;9633.900000;13;2140.866666
20365;TURMA 35;3-5;TER-QUI;18:00;19:00;120;540.0;6;Local 6;16;OUTROS;3629.992000;11;806.664888
20366;TURMA 36;7;SAB;09:00;11:15;135;607.5;6;Local 6;16;OUTROS;3970.766000;12;882.392444
20367;TURMA 37;7;SAB;10:00;12:15;135;607.5;6;Local 6;16;OUTROS;3283.250000;11;729.611111
20368;TURMA 38;7;SAB;09:00;11:15;135;607.5;6;Local 6;16;OUTROS;2881.506000;11;640.334666
20369;TURMA 39;7;SAB;09:00;11:15;135;607.5;6;Local 6;16;OUTROS;3646.924000;14;810.427555
20370;TURMA 40;7;SAB;09:00;11:45;165;742.5;6;Local 6;22;INFANTIL;6724.906000;13;1494.423555
20371;TURMA 41;7;SAB;09:00;11:45;165;742.5;6;Local 6;22;INFANTIL;6663.138000;11;1480.697333
20372;TURMA 42;7;SAB;09:00;11:45;165;742.5;6;Local 6;22;INFANTIL;5346.764000;10;1188.169777
20373;TURMA 43;7;SAB;09:00;12:15;195;877.5;6;Local 6;13;INFANTIL;11957.420000;18;2657.204444
20378;TURMA 44;2-4;SEG-QUA;14:20;15:50;180;810.0;6;Local 6;13;INFANTIL;15566.302000;19;3459.178222
20379;TURMA 45;2-4;SEG-QUA;16:20;17:50;180;810.0;6;Local 6;13;INFANTIL;15752.052000;18;3500.456000
20380;TURMA 46;7;SAB;09:00;12:05;185;832.5;6;Local 6;5;ADULTO;4069.944000;10;904.432000
20381;TURMA 47;7;SAB;09:00;12:05;185;832.5;6;Local 6;5;ADULTO;2297.380000;9;510.528888
20383;TURMA 48;7;SAB;09:00;12:15;195;877.5;6;Local 6;11;INFANTIL;4054.460000;5;900.991111
20384;TURMA 49;3-5;TER-QUI;14:20;15:50;180;810.0;6;Local 6;11;INFANTIL;7865.694000;11;1747.932000
20385;TURMA 50;2-4;SEG-QUA;16:20;17:50;180;810.0;6;Local 6;11;INFANTIL;4295.808000;6;954.624000
20386;TURMA 51;7;SAB;09:00;12:15;195;877.5;6;Local 6;11;INFANTIL;10189.960000;14;2264.435555
20387;TURMA 52;3-5;TER-QUI;09:00;10:30;180;810.0;6;Local 6;11;INFANTIL;11052.482000;15;2456.107111
20388;TURMA 53;7;SAB;09:00;12:15;195;877.5;6;Local 6;11;INFANTIL;5737.368000;7;1274.970666
20389;TURMA 54;2-4;SEG-QUA;14:20;15:50;180;810.0;6;Local 6;11;INFANTIL;10653.670000;14;2367.482222
20392;TURMA 55;2-4;SEG-QUA;16:20;17:50;180;810.0;6;Local 6;12;INFANTIL;6076.670000;9;1350.371111
20393;TURMA 56;2-4;SEG-QUA;14:20;15:50;180;810.0;6;Local 6;12;INFANTIL;9974.314000;12;2216.514222
20394;TURMA 57;7;SAB;09:00;12:05;185;832.5;6;Local 6;15;ADULTO;3929.610000;9;873.246666
20395;TURMA 58;3-5;TER-QUI;14:20;15:50;180;810.0;6;Local 6;13;INFANTIL;9667.380000;13;2148.306666
20396;TURMA 59;7;SAB;09:00;12:15;195;877.5;4;Local 4;13;INFANTIL;6329.148000;10;1406.477333
20397;TURMA 60;3-5;TER-QUI;18:30;20:00;180;810.0;6;Local 6;13;INFANTIL;3202.528000;3;711.672888
20398;TURMA 61;7;SAB;09:00;12:15;195;877.5;6;Local 6;13;INFANTIL;7320.152000;10;1626.700444
20399;TURMA 62;3-5;TER-QUI;09:00;10:30;180;810.0;4;Local 4;13;INFANTIL;3800.378000;5;844.528444
20400;TURMA 63;2-4;SEG-QUA;14:20;15:50;180;810.0;6;Local 6;13;INFANTIL;14004.704000;18;3112.156444
20401;TURMA 64;3-5;TER-QUI;16:20;17:50;180;810.0;6;Local 6;13;INFANTIL;9951.706000;13;2211.490222
20402;TURMA 65;6;SEX;14:20;17:35;195;877.5;6;Local 6;13;INFANTIL;12245.136000;15;2721.141333
20403;TURMA 66;2-4;SEG-QUA;16:20;17:50;180;810.0;6;Local 6;13;INFANTIL;9598.466000;12;2132.992444
20404;TURMA 67;7;SAB;09:00;12:15;195;877.5;4;Local 4;13;INFANTIL;10881.938000;14;2418.208444
20405;TURMA 68;6;SEX;14:20;17:35;195;877.5;4;Local 4;13;INFANTIL;13112.958000;17;2913.990666
20406;TURMA 69;7;SAB;09:00;12:15;195;877.5;4;Local 4;13;INFANTIL;5987.704000;8;1330.600888
20407;TURMA 70;2-4;SEG-QUA;16:20;17:50;180;810.0;4;Local 4;13;INFANTIL;10078.642000;14;2239.698222
20408;TURMA 71;6;SEX;14:20;17:35;195;877.5;4;Local 4;13;INFANTIL;12090.116000;15;2686.692444
20409;TURMA 72;2-4;SEG-QUA;16:20;17:50;180;810.0;4;Local 4;13;INFANTIL;10147.320000;13;2254.960000
20410;TURMA 73;2-4;SEG-QUA;16:20;17:50;180;810.0;4;Local 4;13;INFANTIL;12469.260000;15;2770.946666
20411;TURMA 74;3-5;TER-QUI;16:20;17:50;180;810.0;4;Local 4;13;INFANTIL;7950.432000;9;1766.762666
20412;TURMA 75;3-5;TER-QUI;09:00;10:30;180;810.0;5;Local 5;13;INFANTIL;2948.428000;4;655.206222
20413;TURMA 76;3-5;TER-QUI;09:00;10:30;180;810.0;6;Local 6;13;INFANTIL;2459.020000;4;546.448888
20414;TURMA 77;2-4;SEG-QUA;18:30;20:00;180;810.0;4;Local 4;13;INFANTIL;8980.952000;11;1995.767111
20415;TURMA 78;2-4;SEG-QUA;16:20;17:50;180;810.0;4;Local 4;13;INFANTIL;12725.148000;16;2827.810666
20416;TURMA 79;3-5;TER-QUI;16:20;17:50;180;810.0;4;Local 4;13;INFANTIL;12211.536000;15;2713.674666
20417;TURMA 80;2-4;SEG-QUA;18:30;20:00;180;810.0;4;Local 4;13;INFANTIL;8665.586000;12;1925.685777
20418;TURMA 81;2-4;SEG-QUA;18:30;20:00;180;810.0;4;Local 4;13;INFANTIL;11583.984000;13;2574.218666
20419;TURMA 82;2-4;SEG-QUA;18:30;20:00;180;810.0;4;Local 4;13;INFANTIL;7652.968000;9;1700.659555
20421;TURMA 83;2-4;SEG-QUA;14:20;15:50;180;810.0;6;Local 6;13;INFANTIL;13803.302000;16;3067.400444
20422;TURMA 84;2-4;SEG-QUA;14:20;15:50;180;810.0;6;Local 6;13;INFANTIL;15092.812000;18;3353.958222
20423;TURMA 85;7;SAB;09:00;10:30;90;405.0;4;Local 4;20;ADULTO;3033.926000;11;674.205777
20427;TURMA 86;3-5;TER-QUI;12:35;13:50;150;675.0;4;Local 4;5;ADULTO;4647.530000;13;1032.784444
20428;TURMA 87;3-5;TER-QUI;12:35;13:50;150;675.0;4;Local 4;5;ADULTO;1637.258000;11;363.835111
20429;TURMA 88;3-5;TER-QUI;18:45;20:00;150;675.0;4;Local 4;5;ADULTO;2402.846000;10;533.965777
20432;TURMA 89;7;SAB;09:00;12:05;185;832.5;4;Local 4;5;ADULTO;1851.822000;8;411.516000
20433;TURMA 90;3-5;TER-QUI;12:35;13:50;150;675.0;4;Local 4;5;ADULTO;749.302000;4;166.511555
20434;TURMA 91;7;SAB;09:00;12:15;195;877.5;4;Local 4;11;INFANTIL;7516.312000;12;1670.291555
20436;TURMA 92;6;SEX;14:20;17:35;195;877.5;4;Local 4;12;INFANTIL;3041.818000;5;675.959555
20437;TURMA 93;3-5;TER-QUI;12:35;13:50;150;675.0;4;Local 4;5;ADULTO;1806.544000;9;401.454222
20438;TURMA 94;2-4;SEG-QUA;07:30;08:45;150;675.0;4;Local 4;5;ADULTO;1750.264000;10;388.947555
20439;TURMA 95;3-5;TER-QUI;18:45;20:00;150;675.0;4;Local 4;5;ADULTO;660.028000;9;146.672888
20440;TURMA 96;6;SEX;08:30;11:45;195;877.5;4;Local 4;11;INFANTIL;4408.218000;6;979.604000
20441;TURMA 97;6;SEX;14:20;17:35;195;877.5;4;Local 4;11;INFANTIL;7425.892000;11;1650.198222
20442;TURMA 98;7;SAB;09:00;12:15;195;877.5;4;Local 4;12;INFANTIL;7155.180000;10;1590.040000
20443;TURMA 99;6;SEX;14:20;17:35;195;877.5;4;Local 4;12;INFANTIL;8712.434000;12;1936.096444
20444;TURMA 100;3-5;TER-QUI;09:00;10:30;180;810.0;4;Local 4;12;INFANTIL;6956.708000;9;1545.935111
20445;TURMA 101;7;SAB;09:00;12:15;195;877.5;4;Local 4;12;INFANTIL;3033.086000;4;674.019111
20446;TURMA 102;6;SEX;14:20;17:35;195;877.5;4;Local 4;12;INFANTIL;7685.056000;10;1707.790222
20447;TURMA 103;2-4;SEG-QUA;16:20;17:50;180;810.0;4;Local 4;12;INFANTIL;6204.088000;7;1378.686222
20449;TURMA 104;3-5;TER-QUI;16:20;17:50;180;810.0;5;Local 5;13;INFANTIL;14279.452000;18;3173.211555
20450;TURMA 105;3-5;TER-QUI;16:20;17:50;180;810.0;5;Local 5;13;INFANTIL;14154.822000;18;3145.516000
20451;TURMA 106;3-5;TER-QUI;16:20;17:50;180;810.0;5;Local 5;13;INFANTIL;12421.628000;15;2760.361777
20452;TURMA 107;2-4;SEG-QUA;14:20;15:50;180;810.0;5;Local 5;13;INFANTIL;7543.506000;10;1676.334666
20453;TURMA 108;3-5;TER-QUI;16:20;17:50;180;810.0;5;Local 5;13;INFANTIL;10455.732000;11;2323.496000
20454;TURMA 109;2-4;SEG-QUA;14:20;15:50;180;810.0;5;Local 5;13;INFANTIL;6892.404000;7;1531.645333
20455;TURMA 110;2-4;SEG-QUA;09:00;10:30;180;810.0;5;Local 5;11;INFANTIL;4875.910000;6;1083.535555
20456;TURMA 111;2-4;SEG-QUA;09:00;10:30;180;810.0;5;Local 5;12;INFANTIL;4811.036000;7;1069.119111
20457;TURMA 112;2-4;SEG-QUA;09:00;10:30;180;810.0;5;Local 5;12;INFANTIL;8287.948000;11;1841.766222
20458;TURMA 113;3-5;TER-QUI;14:20;15:50;180;810.0;5;Local 5;12;INFANTIL;12118.514000;16;2693.003111
20459;TURMA 114;2-4;SEG-QUA;14:20;15:50;180;810.0;5;Local 5;12;INFANTIL;8780.404000;11;1951.200888
20460;TURMA 115;3-5;TER-QUI;09:00;10:30;180;810.0;5;Local 5;12;INFANTIL;5395.102000;7;1198.911555
20461;TURMA 116;2-4;SEG-QUA;14:20;15:50;180;810.0;5;Local 5;13;INFANTIL;13204.266000;16;2934.281333
20462;TURMA 117;6;SEX;08:45;12:00;195;877.5;7;Local 7;13;INFANTIL;5175.624000;8;1150.138666
20463;TURMA 118;3-5;TER-QUI;16:20;17:50;180;810.0;6;Local 6;13;INFANTIL;10390.858000;11;2309.079555
20465;TURMA 119;3-5;TER-QUI;16:20;17:50;180;810.0;6;Local 6;13;INFANTIL;10282.260000;12;2284.946666
20466;TURMA 120;2-4;SEG-QUA;14:20;15:50;180;810.0;5;Local 5;12;INFANTIL;8382.060000;11;1862.680000
20467;TURMA 121;2-4;SEG-QUA;18:30;20:00;180;810.0;6;Local 6;13;INFANTIL;12340.814000;17;2742.403111
20468;TURMA 122;3-5;TER-QUI;09:00;10:30;180;810.0;4;Local 4;12;INFANTIL;10288.810000;14;2286.402222
20469;TURMA 123;7;SAB;09:00;12:15;195;877.5;4;Local 4;12;INFANTIL;9006.512000;11;2001.447111
20471;TURMA 124;2-4;SEG-QUA;16:20;17:50;180;810.0;4;Local 4;12;INFANTIL;10300.908000;13;2289.090666
20472;TURMA 125;7;SAB;09:00;12:15;195;877.5;4;Local 4;12;INFANTIL;11579.086000;15;2573.130222
20473;TURMA 126;2-4;SEG-QUA;16:20;17:50;180;810.0;4;Local 4;12;INFANTIL;5142.102000;7;1142.689333
20475;TURMA 127;2-4;SEG-QUA;14:20;15:50;180;810.0;4;Local 4;12;INFANTIL;11552.588000;15;2567.241777
20476;TURMA 128;3-5;TER-QUI;09:00;10:30;180;810.0;4;Local 4;13;INFANTIL;10513.000000;13;2336.222222
20481;TURMA 129;7;SAB;09:00;12:05;185;832.5;4;Local 4;15;ADULTO;4355.662000;8;967.924888
20482;TURMA 130;2-4;SEG-QUA;16:20;17:50;180;810.0;5;Local 5;13;INFANTIL;13634.836000;19;3029.963555
20484;TURMA 131;7;SAB;09:00;12:05;185;832.5;5;Local 5;5;ADULTO;3416.738000;12;759.275111
20485;TURMA 132;2-4;SEG-QUA;14:20;15:50;180;810.0;5;Local 5;13;INFANTIL;13204.118000;16;2934.248444
20486;TURMA 133;2-4;SEG-QUA;09:00;10:30;180;810.0;5;Local 5;11;INFANTIL;7623.524000;10;1694.116444
20487;TURMA 134;3-5;TER-QUI;14:10;15:30;160;720.0;4;Local 4;13;INFANTIL;0.000000;16;0.000000
20488;TURMA 135;3-5;TER-QUI;14:10;15:30;160;720.0;4;Local 4;13;INFANTIL;0.000000;4;0.000000
20489;TURMA 136;3-5;TER-QUI;14:10;15:30;160;720.0;4;Local 4;13;INFANTIL;0.000000;13;0.000000
20490;TURMA 137;3-5;TER-QUI;14:10;15:30;160;720.0;4;Local 4;13;INFANTIL;0.000000;9;0.000000
20491;TURMA 138;3-5;TER-QUI;14:10;15:30;160;720.0;4;Local 4;12;INFANTIL;0.000000;10;0.000000
20492;TURMA 139;3-5;TER-QUI;14:10;15:30;160;720.0;4;Local 4;12;INFANTIL;0.000000;7;0.000000
20493;TURMA 140;3-5;TER-QUI;14:10;15:30;160;720.0;4;Local 4;12;INFANTIL;0.000000;11;0.000000
20494;TURMA 141;2-4;SEG-QUA;14:10;15:30;160;720.0;4;Local 4;12;INFANTIL;0.000000;12;0.000000
20495;TURMA 142;3-5;TER-QUI;14:10;15:30;160;720.0;4;Local 4;12;INFANTIL;0.000000;12;0.000000
20496;TURMA 143;3-5;TER-QUI;19:00;20:15;150;675.0;6;Local 6;5;ADULTO;5132.616000;11;1140.581333
20497;TURMA 144;3-5;TER-QUI;14:20;15:50;180;810.0;5;Local 5;13;INFANTIL;8929.070000;11;1984.237777
20499;TURMA 145;2-4;SEG-QUA;16:20;17:50;180;810.0;1;Local 1;13;INFANTIL;9202.280000;14;2044.951111
20501;TURMA 146;3-5;TER-QUI;16:20;17:50;180;810.0;1;Local 1;13;INFANTIL;8953.418000;12;1989.648444
20503;TURMA 147;3-5;TER-QUI;16:20;17:50;180;810.0;1;Local 1;13;INFANTIL;10568.974000;14;2348.660888
20504;TURMA 148;2-4;SEG-QUA;14:20;15:50;180;810.0;1;Local 1;13;INFANTIL;7346.482000;11;1632.551555
20505;TURMA 149;3-5;TER-QUI;14:20;15:50;180;810.0;1;Local 1;13;INFANTIL;9875.220000;15;2194.493333
20506;TURMA 150;2-4;SEG-QUA;16:20;17:50;180;810.0;1;Local 1;13;INFANTIL;8779.366000;10;1950.970222
20507;TURMA 151;2-4;SEG-QUA;14:20;15:50;180;810.0;1;Local 1;13;INFANTIL;13728.154000;17;3050.700888
20508;TURMA 152;2-4;SEG-QUA;16:20;17:50;180;810.0;5;Local 5;13;INFANTIL;8977.328000;11;1994.961777
20509;TURMA 153;3-5;TER-QUI;16:20;17:50;180;810.0;5;Local 5;13;INFANTIL;11991.324000;14;2664.738666
20510;TURMA 154;3-5;TER-QUI;16:20;17:50;180;810.0;5;Local 5;11;INFANTIL;4009.314000;5;890.958666
20511;TURMA 155;2-4;SEG-QUA;19:00;20:00;120;540.0;5;Local 5;16;OUTROS;3096.858000;10;688.190666
20512;TURMA 156;2-4;SEG-QUA;14:20;15:50;180;810.0;5;Local 5;11;INFANTIL;10259.892000;14;2279.976000
20513;TURMA 157;3-5;TER-QUI;09:00;10:30;180;810.0;6;Local 6;11;INFANTIL;5854.520000;8;1301.004444
20514;TURMA 158;7;SAB;09:00;12:15;195;877.5;7;Local 7;13;INFANTIL;9139.806000;11;2031.068000
20515;TURMA 159;2-4;SEG-QUA;14:20;15:50;180;810.0;5;Local 5;11;INFANTIL;5424.812000;7;1205.513777
20517;TURMA 160;3-5;TER-QUI;09:00;10:30;180;810.0;5;Local 5;13;INFANTIL;3455.230000;4;767.828888
20518;TURMA 161;2-4;SEG-QUA;14:20;15:50;180;810.0;5;Local 5;13;INFANTIL;3944.520000;6;876.560000
20519;TURMA 162;7;SAB;09:00;12:05;185;832.5;5;Local 5;5;ADULTO;6706.178000;11;1490.261777
20520;TURMA 163;3-5;TER-QUI;14:20;15:50;180;810.0;5;Local 5;13;INFANTIL;5579.326000;7;1239.850222
20521;TURMA 164;2-4;SEG-QUA;09:00;10:30;180;810.0;5;Local 5;12;INFANTIL;7397.402000;10;1643.867111
20522;TURMA 165;3-5;TER-QUI;18:45;20:00;150;675.0;5;Local 5;5;ADULTO;5342.922000;11;1187.316000
20523;TURMA 166;2-4;SEG-QUA;16:30;18:00;180;810.0;4;Local 4;13;INFANTIL;6846.730000;9;1521.495555
20524;TURMA 167;2-4;SEG-QUA;16:30;18:00;180;810.0;4;Local 4;13;INFANTIL;9651.006000;14;2144.668000
20525;TURMA 168;2-4;SEG-QUA;16:30;18:00;180;810.0;4;Local 4;13;INFANTIL;9920.302000;13;2204.511555
20527;TURMA 169;2-4;SEG-QUA;16:30;18:00;180;810.0;4;Local 4;13;INFANTIL;6026.742000;7;1339.276000
20528;TURMA 170;2-4;SEG-QUA;16:30;18:00;180;810.0;4;Local 4;13;INFANTIL;12556.532000;17;2790.340444
20530;TURMA 171;2-4;SEG-QUA;16:30;18:00;180;810.0;4;Local 4;12;INFANTIL;9668.088000;14;2148.464000
20531;TURMA 172;2-4;SEG-QUA;16:30;18:00;180;810.0;4;Local 4;12;INFANTIL;10947.578000;16;2432.795111
20532;TURMA 173;2-4;SEG-QUA;16:30;18:00;180;810.0;4;Local 4;13;INFANTIL;10002.484000;15;2222.774222
20533;TURMA 174;6;SEX;14:20;17:35;195;877.5;6;Local 6;11;INFANTIL;7858.658000;11;1746.368444
20534;TURMA 175;3-5;TER-QUI;16:20;17:50;180;810.0;5;Local 5;12;INFANTIL;5258.878000;7;1168.639555
20535;TURMA 176;6;SEX;08:30;11:45;195;877.5;4;Local 4;4;INFANTIL;6573.750000;11;1460.833333
20536;TURMA 177;7;SAB;09:00;12:15;195;877.5;4;Local 4;4;INFANTIL;5543.074000;9;1231.794222
20537;TURMA 178;6;SEX;14:30;17:45;195;877.5;4;Local 4;4;INFANTIL;6957.432000;10;1546.096000
20538;TURMA 179;6;SEX;08:30;11:45;195;877.5;4;Local 4;4;INFANTIL;9290.598000;12;2064.577333
20539;TURMA 180;6;SEX;08:30;11:45;195;877.5;4;Local 4;4;INFANTIL;7122.004000;10;1582.667555
20540;TURMA 181;6;SEX;08:30;11:45;195;877.5;4;Local 4;4;INFANTIL;5837.500000;9;1297.222222
20541;TURMA 182;6;SEX;08:30;11:45;195;877.5;4;Local 4;4;INFANTIL;7203.512000;10;1600.780444
20542;TURMA 183;7;SAB;09:00;12:15;195;877.5;4;Local 4;4;INFANTIL;4433.594000;8;985.243111
20543;TURMA 184;7;SAB;09:00;12:15;195;877.5;4;Local 4;4;INFANTIL;5908.424000;9;1312.983111
20544;TURMA 185;6;SEX;14:30;17:45;195;877.5;4;Local 4;4;INFANTIL;6519.894000;8;1448.865333
20545;TURMA 186;6;SEX;14:30;17:45;195;877.5;4;Local 4;4;INFANTIL;6642.364000;9;1476.080888
20546;TURMA 187;6;SEX;08:30;11:45;195;877.5;4;Local 4;4;INFANTIL;7570.436000;11;1682.319111
20547;TURMA 188;6;SEX;14:20;17:35;195;877.5;7;Local 7;13;INFANTIL;10691.280000;15;2375.840000
20549;TURMA 189;7;SAB;09:00;12:05;185;832.5;5;Local 5;5;ADULTO;3542.712000;11;787.269333
20550;TURMA 190;2-4;SEG-QUA;14:20;15:50;180;810.0;5;Local 5;12;INFANTIL;7753.190000;11;1722.931111
20552;TURMA 191;3-5;TER-QUI;17:00;18:30;180;810.0;4;Local 4;13;INFANTIL;4304.542000;6;956.564888
20553;TURMA 192;3-5;TER-QUI;17:00;18:30;180;810.0;4;Local 4;13;INFANTIL;3369.282000;4;748.729333
20554;TURMA 193;3-5;TER-QUI;17:00;18:30;180;810.0;4;Local 4;13;INFANTIL;14525.068000;19;3227.792888
20555;TURMA 194;3-5;TER-QUI;07:30;08:45;150;675.0;1;Local 1;5;ADULTO;0.000000;12;0.000000
20556;TURMA 195;2-4;SEG-QUA;18:45;20:00;150;675.0;1;Local 1;5;ADULTO;1222.760000;13;271.724444
20557;TURMA 196;7;SAB;09:00;12:05;185;832.5;1;Local 1;5;ADULTO;977.896000;9;217.310222
20558;TURMA 197;3-5;TER-QUI;07:30;08:45;150;675.0;1;Local 1;5;ADULTO;185.098000;11;41.132888
20559;TURMA 198;2-4;SEG-QUA;18:45;20:00;150;675.0;1;Local 1;5;ADULTO;1297.358000;8;288.301777
20560;TURMA 199;3-5;TER-QUI;07:30;08:45;150;675.0;1;Local 1;5;ADULTO;1309.000000;9;290.888888
20561;TURMA 200;2-4;SEG-QUA;18:45;20:00;150;675.0;1;Local 1;5;ADULTO;4332.780000;12;962.840000
20563;TURMA 201;7;SAB;09:00;12:05;185;832.5;1;Local 1;5;ADULTO;1221.638000;10;271.475111
20564;TURMA 202;2-4;SEG-QUA;07:30;08:45;150;675.0;1;Local 1;5;ADULTO;464.766000;4;103.281333
20565;TURMA 203;2-4;SEG-QUA;18:45;20:00;150;675.0;1;Local 1;5;ADULTO;844.450000;14;187.655555
20567;TURMA 204;2-4;SEG-QUA;07:30;08:45;150;675.0;1;Local 1;5;ADULTO;1444.136000;9;320.919111
20569;TURMA 205;3-5;TER-QUI;16:20;17:50;180;810.0;5;Local 5;12;INFANTIL;9893.298000;12;2198.510666
20570;TURMA 206;6;SEX;08:30;11:45;195;877.5;4;Local 4;4;INFANTIL;6453.652000;9;1434.144888
20571;TURMA 207;6;SEX;08:30;11:45;195;877.5;4;Local 4;4;INFANTIL;6541.910000;9;1453.757777
20572;TURMA 208;7;SAB;09:00;12:15;195;877.5;4;Local 4;4;INFANTIL;5047.408000;7;1121.646222
20573;TURMA 209;7;SAB;09:00;12:15;195;877.5;4;Local 4;4;INFANTIL;5315.850000;6;1181.300000
20574;TURMA 210;6;SEX;14:30;17:45;195;877.5;4;Local 4;4;INFANTIL;6437.766000;9;1430.614666
20575;TURMA 211;6;SEX;14:30;17:45;195;877.5;4;Local 4;4;INFANTIL;8003.756000;11;1778.612444
20576;TURMA 212;6;SEX;14:30;17:45;195;877.5;4;Local 4;4;INFANTIL;8781.604000;12;1951.467555
20577;TURMA 213;6;SEX;08:30;11:45;195;877.5;4;Local 4;4;INFANTIL;7343.660000;10;1631.924444
20578;TURMA 214;6;SEX;08:30;11:45;195;877.5;4;Local 4;4;INFANTIL;6452.306000;8;1433.845777
20579;TURMA 215;4;QUA;08:30;11:45;195;877.5;4;Local 4;4;INFANTIL;2818.816000;4;626.403555
20580;TURMA 216;7;SAB;09:00;12:15;195;877.5;4;Local 4;4;INFANTIL;6657.714000;10;1479.492000
20581;TURMA 217;6;SEX;14:30;17:45;195;877.5;4;Local 4;4;INFANTIL;8461.464000;11;1880.325333
20582;TURMA 218;6;SEX;14:30;17:45;195;877.5;4;Local 4;4;INFANTIL;7494.470000;10;1665.437777
20583;TURMA 219;6;SEX;14:30;17:45;195;877.5;4;Local 4;4;INFANTIL;6787.988000;9;1508.441777
20584;TURMA 220;6;SEX;14:30;17:45;195;877.5;4;Local 4;4;INFANTIL;6142.090000;8;1364.908888
20585;TURMA 221;6;SEX;14:20;17:35;195;877.5;7;Local 7;13;INFANTIL;11293.544000;14;2509.676444
20587;TURMA 222;6;SEX;14:30;17:45;195;877.5;5;Local 5;12;INFANTIL;6791.940000;9;1509.320000
20588;TURMA 223;3-5;TER-QUI;18:45;20:00;150;675.0;5;Local 5;5;ADULTO;5317.388000;11;1181.641777
20589;TURMA 224;2-4;SEG-QUA;09:00;10:30;180;810.0;5;Local 5;12;INFANTIL;6307.856000;8;1401.745777
20590;TURMA 225;2-4;SEG-QUA;14:10;15:30;160;720.0;4;Local 4;13;INFANTIL;0.000000;12;0.000000
20591;TURMA 226;3-5;TER-QUI;14:10;15:30;160;720.0;4;Local 4;13;INFANTIL;0.000000;12;0.000000
20592;TURMA 227;2-4;SEG-QUA;14:10;15:30;160;720.0;4;Local 4;13;INFANTIL;0.000000;5;0.000000
20593;TURMA 228;2-4;SEG-QUA;10:30;11:50;160;720.0;4;Local 4;11;INFANTIL;0.000000;5;0.000000
20594;TURMA 229;2-4;SEG-QUA;10:30;11:50;160;720.0;4;Local 4;11;INFANTIL;0.000000;4;0.000000
20595;TURMA 230;2-4;SEG-QUA;14:10;15:30;160;720.0;4;Local 4;12;INFANTIL;0.000000;3;0.000000
20596;TURMA 231;2-4;SEG-QUA;10:30;11:50;160;720.0;4;Local 4;12;INFANTIL;0.000000;4;0.000000
20597;TURMA 232;2-4;SEG-QUA;14:10;15:30;160;720.0;4;Local 4;12;INFANTIL;0.000000;7;0.000000
20599;TURMA 233;2;SEG;19:00;20:30;90;405.0;5;Local 5;20;ADULTO;2116.924000;11;470.427555
20600;TURMA 234;2-4;SEG-QUA;16:20;17:50;180;810.0;7;Local 7;13;INFANTIL;11971.336000;16;2660.296888
20601;TURMA 235;2-4;SEG-QUA;18:45;20:00;150;675.0;5;Local 5;5;ADULTO;3895.628000;8;865.695111
20602;TURMA 236;7;SAB;09:00;12:15;195;877.5;5;Local 5;1;PREPARATORIO;3446.594000;6;765.909777
20605;TURMA 237;3-5;TER-QUI;14:20;15:50;180;810.0;5;Local 5;1;PREPARATORIO;7787.468000;9;1730.548444
20606;TURMA 238;7;SAB;09:00;12:15;195;877.5;5;Local 5;4;INFANTIL;6770.520000;10;1504.560000
20607;TURMA 239;6;SEX;14:30;17:45;195;877.5;5;Local 5;4;INFANTIL;3470.394000;4;771.198666
20608;TURMA 240;7;SAB;09:00;12:15;195;877.5;7;Local 7;13;INFANTIL;14433.526000;18;3207.450222
20609;TURMA 241;6;SEX;14:30;17:45;195;877.5;5;Local 5;4;INFANTIL;4571.096000;7;1015.799111
20610;TURMA 242;7;SAB;09:00;12:15;195;877.5;6;Local 6;11;INFANTIL;5838.064000;9;1297.347555
20611;TURMA 243;2-4;SEG-QUA;07:30;08:45;150;675.0;1;Local 1;15;ADULTO;1803.176000;13;400.705777
20612;TURMA 244;2-4;SEG-QUA;18:45;20:00;150;675.0;1;Local 1;15;ADULTO;3218.526000;13;715.228000
20613;TURMA 245;2-4;SEG-QUA;18:45;20:00;150;675.0;1;Local 1;15;ADULTO;2195.696000;11;487.932444
20614;TURMA 246;3-5;TER-QUI;12:35;13:50;150;675.0;1;Local 1;15;ADULTO;721.018000;9;160.226222
20615;TURMA 247;2-4;SEG-QUA;18:45;20:00;150;675.0;1;Local 1;15;ADULTO;4500.174000;13;1000.038666
20616;TURMA 248;3-5;TER-QUI;07:30;08:45;150;675.0;1;Local 1;15;ADULTO;3111.598000;11;691.466222
20617;TURMA 249;3-5;TER-QUI;18:45;20:00;150;675.0;1;Local 1;15;ADULTO;3607.528000;13;801.672888
20618;TURMA 250;7;SAB;09:00;12:05;185;832.5;1;Local 1;15;ADULTO;2434.192000;9;540.931555
20619;TURMA 251;3-5;TER-QUI;12:35;13:50;150;675.0;1;Local 1;15;ADULTO;848.730000;13;188.606666
20620;TURMA 252;3-5;TER-QUI;07:30;08:45;150;675.0;1;Local 1;15;ADULTO;2208.546000;10;490.788000
20621;TURMA 253;2-4;SEG-QUA;18:45;20:00;150;675.0;1;Local 1;15;ADULTO;1300.176000;7;288.928000
20622;TURMA 254;3-5;TER-QUI;18:45;20:00;150;675.0;1;Local 1;15;ADULTO;5418.312000;11;1204.069333
20624;TURMA 255;3-5;TER-QUI;12:35;13:50;150;675.0;1;Local 1;15;ADULTO;968.422000;11;215.204888
20625;TURMA 256;3-5;TER-QUI;07:30;08:45;150;675.0;1;Local 1;15;ADULTO;5291.844000;12;1175.965333
20626;TURMA 257;2-4;SEG-QUA;18:45;20:00;150;675.0;1;Local 1;15;ADULTO;1359.900000;6;302.200000
20628;TURMA 258;7;SAB;09:00;12:05;185;832.5;1;Local 1;15;ADULTO;2178.072000;12;484.016000
20630;TURMA 259;6;SEX;14:30;17:45;195;877.5;5;Local 5;4;INFANTIL;4293.442000;6;954.098222
20631;TURMA 260;2-4;SEG-QUA;16:30;18:00;180;810.0;4;Local 4;13;INFANTIL;4547.718000;7;1010.604000
20633;TURMA 261;3-5;TER-QUI;16:30;18:00;180;810.0;4;Local 4;12;INFANTIL;8670.986000;13;1926.885777
20634;TURMA 262;3-5;TER-QUI;16:30;18:00;180;810.0;4;Local 4;12;INFANTIL;5540.032000;8;1231.118222
20635;TURMA 263;3-5;TER-QUI;14:20;15:50;180;810.0;6;Local 6;11;INFANTIL;10848.280000;14;2410.728888
20636;TURMA 264;7;SAB;09:00;12:15;195;877.5;5;Local 5;4;INFANTIL;7992.914000;11;1776.203111
20637;TURMA 265;2-4;SEG-QUA;16:20;17:50;180;810.0;6;Local 6;11;INFANTIL;6050.780000;8;1344.617777
20638;TURMA 266;3-5;TER-QUI;14:20;15:50;180;810.0;7;Local 7;13;INFANTIL;10851.064000;14;2411.347555
20639;TURMA 267;6;SEX;08:30;11:45;195;877.5;3;Local 3;4;INFANTIL;6007.846000;8;1335.076888
20640;TURMA 268;6;SEX;14:30;17:45;195;877.5;3;Local 3;4;INFANTIL;444.628000;0;98.806222
20641;TURMA 269;6;SEX;08:30;11:45;195;877.5;3;Local 3;4;INFANTIL;6324.202000;9;1405.378222
20642;TURMA 270;6;SEX;14:30;17:45;195;877.5;3;Local 3;4;INFANTIL;3990.172000;6;886.704888
20643;TURMA 271;6;SEX;14:30;17:45;195;877.5;3;Local 3;4;INFANTIL;6014.686000;8;1336.596888
20645;TURMA 272;6;SEX;08:30;11:45;195;877.5;3;Local 3;4;INFANTIL;7931.712000;11;1762.602666
20646;TURMA 273;6;SEX;14:30;17:45;195;877.5;3;Local 3;4;INFANTIL;6300.298000;8;1400.066222
20647;TURMA 274;6;SEX;08:30;11:45;195;877.5;3;Local 3;4;INFANTIL;6722.162000;9;1493.813777
20648;TURMA 275;6;SEX;08:30;11:45;195;877.5;3;Local 3;4;INFANTIL;3692.248000;5;820.499555
20650;TURMA 276;6;SEX;14:30;17:45;195;877.5;3;Local 3;4;INFANTIL;5812.332000;8;1291.629333
20651;TURMA 277;3-5;TER-QUI;14:30;17:45;390;1755.0;3;Local 3;4;INFANTIL;8832.120000;6;1962.693333
20652;TURMA 278;6;SEX;14:30;17:45;195;877.5;3;Local 3;4;INFANTIL;7119.286000;9;1582.063555
20653;TURMA 279;3-5;TER-QUI;14:30;17:45;390;1755.0;3;Local 3;4;INFANTIL;6645.290000;4;1476.731111
20654;TURMA 280;6;SEX;14:30;17:45;195;877.5;3;Local 3;4;INFANTIL;7086.496000;10;1574.776888
20655;TURMA 281;3-5;TER-QUI;16:20;17:50;180;810.0;6;Local 6;11;INFANTIL;10834.794000;14;2407.732000
20656;TURMA 282;3-5;TER-QUI;14:20;15:50;180;810.0;6;Local 6;12;INFANTIL;12063.236000;16;2680.719111
20659;TURMA 283;6;SEX;08:30;11:45;195;877.5;5;Local 5;4;INFANTIL;4986.920000;7;1108.204444
20661;TURMA 284;6;SEX;08:30;11:45;195;877.5;5;Local 5;4;INFANTIL;6602.476000;9;1467.216888
20662;TURMA 285;3-5;TER-QUI;09:00;10:30;180;810.0;6;Local 6;12;INFANTIL;12137.990000;16;2697.331111
20663;TURMA 286;6;SEX;14:30;17:45;195;877.5;5;Local 5;4;INFANTIL;4817.652000;6;1070.589333
20669;TURMA 287;7;SAB;09:00;12:15;195;877.5;4;Local 4;12;INFANTIL;5970.230000;8;1326.717777
20670;TURMA 288;7;SAB;09:00;11:15;135;607.5;1;Local 1;16;OUTROS;3225.558000;18;716.790666
20671;TURMA 289;2-4;SEG-QUA;20:10;21:10;120;540.0;1;Local 1;16;OUTROS;3317.492000;11;737.220444
20672;TURMA 290;2-4;SEG-QUA;20:10;21:10;120;540.0;1;Local 1;16;OUTROS;3873.548000;12;860.788444
20673;TURMA 291;7;SAB;09:00;11:15;135;607.5;1;Local 1;16;OUTROS;2528.916000;11;561.981333
20675;TURMA 292;7;SAB;09:00;11:15;135;607.5;1;Local 1;16;OUTROS;2072.494000;9;460.554222
20676;TURMA 293;3-5;TER-QUI;20:10;21:10;120;540.0;1;Local 1;16;OUTROS;6165.698000;23;1370.155111
20677;TURMA 294;7;SAB;09:00;11:15;135;607.5;1;Local 1;16;OUTROS;788.324000;11;175.183111
20678;TURMA 295;2-4;SEG-QUA;20:10;21:10;120;540.0;1;Local 1;16;OUTROS;3111.310000;11;691.402222
20680;TURMA 296;3-5;TER-QUI;16:20;17:50;180;810.0;4;Local 4;13;INFANTIL;12459.250000;16;2768.722222
20681;TURMA 297;3-5;TER-QUI;09:00;10:30;180;810.0;4;Local 4;13;INFANTIL;5436.050000;7;1208.011111
20684;TURMA 298;3-5;TER-QUI;14:20;15:50;180;810.0;4;Local 4;13;INFANTIL;4610.768000;6;1024.615111
20688;TURMA 299;3-5;TER-QUI;16:20;17:50;180;810.0;4;Local 4;13;INFANTIL;14663.778000;17;3258.617333
20689;TURMA 300;6;SEX;14:30;17:45;195;877.5;5;Local 5;4;INFANTIL;6633.994000;9;1474.220888
20690;TURMA 301;7;SAB;09:00;12:15;195;877.5;5;Local 5;4;INFANTIL;8415.630000;11;1870.140000
20692;TURMA 302;2-4;SEG-QUA;14:20;15:50;180;810.0;6;Local 6;12;INFANTIL;8922.016000;12;1982.670222
20693;TURMA 303;4;QUA;14:45;18:00;195;877.5;3;Local 3;13;INFANTIL;4892.918000;6;1087.315111
20694;TURMA 304;6;SEX;08:30;11:45;195;877.5;5;Local 5;4;INFANTIL;7919.822000;10;1759.960444
20695;TURMA 305;3-5;TER-QUI;16:20;17:50;180;810.0;6;Local 6;12;INFANTIL;14475.948000;18;3216.877333
20696;TURMA 306;6;SEX;08:30;11:45;195;877.5;5;Local 5;4;INFANTIL;6774.806000;10;1505.512444
20697;TURMA 307;7;SAB;09:00;12:15;195;877.5;6;Local 6;12;INFANTIL;7464.768000;10;1658.837333
20698;TURMA 308;4;QUA;14:45;18:00;195;877.5;3;Local 3;13;INFANTIL;3828.046000;5;850.676888
20699;TURMA 309;6;SEX;14:30;17:45;195;877.5;5;Local 5;4;INFANTIL;5532.800000;8;1229.511111
20700;TURMA 310;6;SEX;14:30;17:45;195;877.5;5;Local 5;4;INFANTIL;6876.342000;9;1528.076000
20701;TURMA 311;4;QUA;14:30;17:45;195;877.5;5;Local 5;4;INFANTIL;4184.224000;7;929.827555
20702;TURMA 312;2-4;SEG-QUA;16:20;17:50;180;810.0;1;Local 1;13;INFANTIL;9350.128000;12;2077.806222
20703;TURMA 313;6;SEX;14:30;17:45;195;877.5;5;Local 5;4;INFANTIL;9102.580000;12;2022.795555
20704;TURMA 314;7;SAB;09:00;12:15;195;877.5;5;Local 5;4;INFANTIL;8330.678000;11;1851.261777
20705;TURMA 315;6;SEX;08:30;11:45;195;877.5;5;Local 5;4;INFANTIL;6313.944000;8;1403.098666
20706;TURMA 316;3-5;TER-QUI;14:20;15:50;180;810.0;6;Local 6;12;INFANTIL;13175.390000;16;2927.864444
20707;TURMA 317;6;SEX;08:30;11:45;195;877.5;5;Local 5;4;INFANTIL;6729.886000;9;1495.530222
20708;TURMA 318;6;SEX;14:20;17:35;195;877.5;1;Local 1;13;INFANTIL;4564.986000;6;1014.441333
20709;TURMA 319;3-5;TER-QUI;11:40;12:30;100;450.0;5;Local 5;10;INFANTIL;2368.220000;6;526.271111
20710;TURMA 320;3-5;TER-QUI;17:40;18:30;100;450.0;5;Local 5;10;INFANTIL;1935.858000;5;430.190666
20711;TURMA 321;2-4;SEG-QUA;14:10;15:30;160;720.0;4;Local 4;13;INFANTIL;0.000000;10;0.000000
20712;TURMA 322;3-5;TER-QUI;17:40;18:30;100;450.0;5;Local 5;9;INFANTIL;3679.980000;10;817.773333
20713;TURMA 323;3-5;TER-QUI;14:20;15:50;180;810.0;6;Local 6;12;INFANTIL;10749.990000;13;2388.886666
20714;TURMA 324;3-5;TER-QUI;11:40;12:30;100;450.0;5;Local 5;9;INFANTIL;4000.332000;10;888.962666
20715;TURMA 325;2-4;SEG-QUA;14:10;15:30;160;720.0;4;Local 4;11;INFANTIL;0.000000;5;0.000000
20716;TURMA 326;2-4;SEG-QUA;18:30;19:45;150;675.0;5;Local 5;22;INFANTIL;4219.908000;9;937.757333
20717;TURMA 327;5;QUI;14:45;18:00;195;877.5;3;Local 3;13;INFANTIL;7852.462000;9;1744.991555
20719;TURMA 328;2-4;SEG-QUA;18:30;20:00;180;810.0;5;Local 5;13;INFANTIL;3421.072000;5;760.238222
20720;TURMA 329;2-4;SEG-QUA;16:20;17:50;180;810.0;6;Local 6;12;INFANTIL;7198.024000;8;1599.560888
20721;TURMA 330;2-4;SEG-QUA;18:30;19:45;150;675.0;5;Local 5;22;INFANTIL;5480.610000;9;1217.913333
20722;TURMA 331;3-5;TER-QUI;10:30;11:50;160;720.0;4;Local 4;11;INFANTIL;0.000000;5;0.000000
20723;TURMA 332;2-4;SEG-QUA;16:20;17:50;180;810.0;6;Local 6;12;INFANTIL;8346.942000;10;1854.876000
20724;TURMA 333;2-4;SEG-QUA;18:30;19:30;120;540.0;5;Local 5;21;INFANTIL;2515.674000;6;559.038666
20725;TURMA 334;5;QUI;14:45;18:00;195;877.5;3;Local 3;13;INFANTIL;5389.374000;7;1197.638666
20726;TURMA 335;2-4;SEG-QUA;18:30;19:30;120;540.0;5;Local 5;21;INFANTIL;4530.968000;10;1006.881777
20727;TURMA 336;3-5;TER-QUI;16:20;17:50;180;810.0;1;Local 1;13;INFANTIL;9759.212000;14;2168.713777
20729;TURMA 337;2-4;SEG-QUA;14:20;15:50;180;810.0;6;Local 6;13;INFANTIL;11169.846000;14;2482.188000
20730;TURMA 338;3-5;TER-QUI;16:20;17:50;180;810.0;1;Local 1;13;INFANTIL;13181.842000;17;2929.298222
20731;TURMA 339;2-4;SEG-QUA;14:10;15:30;160;720.0;4;Local 4;11;INFANTIL;0.000000;7;0.000000
20732;TURMA 340;3-5;TER-QUI;16:20;17:50;180;810.0;1;Local 1;13;INFANTIL;5907.316000;10;1312.736888
20734;TURMA 341;3-5;TER-QUI;14:20;15:50;180;810.0;4;Local 4;13;INFANTIL;10201.428000;12;2266.984000
20735;TURMA 342;2-4;SEG-QUA;20:10;21:10;120;540.0;1;Local 1;16;OUTROS;5184.222000;19;1152.049333
20736;TURMA 343;3-5;TER-QUI;14:10;15:30;160;720.0;4;Local 4;12;INFANTIL;0.000000;12;0.000000
20737;TURMA 344;3-5;TER-QUI;14:10;15:30;160;720.0;4;Local 4;12;INFANTIL;0.000000;9;0.000000
20739;TURMA 345;3-5;TER-QUI;20:10;21:10;120;540.0;1;Local 1;16;OUTROS;2635.350000;10;585.633333
20740;TURMA 346;6;SEX;14:20;17:35;195;877.5;4;Local 4;13;INFANTIL;10597.002000;14;2354.889333
20741;TURMA 347;2-4;SEG-QUA;07:30;08:45;150;675.0;1;Local 1;5;ADULTO;0.000000;6;0.000000
20742;TURMA 348;3-5;TER-QUI;07:30;08:45;150;675.0;1;Local 1;5;ADULTO;0.000000;8;0.000000
20743;TURMA 349;3-5;TER-QUI;18:45;20:00;150;675.0;1;Local 1;5;ADULTO;37.020000;10;8.226666
20744;TURMA 350;7;SAB;09:00;12:15;195;877.5;7;Local 7;13;INFANTIL;14961.432000;17;3324.762666
20746;TURMA 351;7;SAB;09:00;12:05;185;832.5;1;Local 1;5;ADULTO;654.350000;7;145.411111
20747;TURMA 352;6;SEX;14:20;17:35;195;877.5;7;Local 7;13;INFANTIL;12117.044000;14;2692.676444
20748;TURMA 353;2-4;SEG-QUA;18:45;20:00;150;675.0;1;Local 1;5;ADULTO;1186.980000;7;263.773333
20749;TURMA 354;2-4;SEG-QUA;12:45;14:00;150;675.0;1;Local 1;5;ADULTO;1221.632000;13;271.473777
20750;TURMA 355;2-4;SEG-QUA;12:45;14:00;150;675.0;1;Local 1;5;ADULTO;629.328000;13;139.850666
20751;TURMA 356;2-4;SEG-QUA;20:10;21:25;150;675.0;1;Local 1;5;ADULTO;592.308000;10;131.624000
20752;TURMA 357;2-4;SEG-QUA;20:10;21:25;150;675.0;1;Local 1;5;ADULTO;777.408000;10;172.757333
20754;TURMA 358;3-5;TER-QUI;16:30;18:00;180;810.0;4;Local 4;13;INFANTIL;4740.612000;7;1053.469333
20757;TURMA 359;3-5;TER-QUI;14:20;15:50;180;810.0;5;Local 5;12;INFANTIL;5110.484000;6;1135.663111
20758;TURMA 360;3-5;TER-QUI;09:00;10:30;180;810.0;5;Local 5;13;INFANTIL;3827.728000;5;850.606222
20759;TURMA 361;6;SEX;14:30;17:45;195;877.5;3;Local 3;4;INFANTIL;5842.594000;7;1298.354222
20761;TURMA 362;7;SAB;09:00;12:15;195;877.5;6;Local 6;4;INFANTIL;5315.786000;8;1181.285777
20762;TURMA 363;6;SEX;14:30;17:45;195;877.5;6;Local 6;4;INFANTIL;7339.754000;10;1631.056444
20763;TURMA 364;7;SAB;09:00;12:15;195;877.5;6;Local 6;4;INFANTIL;7483.538000;11;1663.008444
20764;TURMA 365;6;SEX;14:30;17:45;195;877.5;6;Local 6;4;INFANTIL;5691.466000;8;1264.770222
20765;TURMA 366;6;SEX;14:30;17:45;195;877.5;6;Local 6;4;INFANTIL;4173.276000;6;927.394666
20766;TURMA 367;5;QUI;14:30;17:45;195;877.5;6;Local 6;4;INFANTIL;4088.864000;5;908.636444
20768;TURMA 368;2-4;SEG-QUA;16:20;17:50;180;810.0;6;Local 6;1;PREPARATORIO;7577.638000;11;1683.919555
20769;TURMA 369;3-5;TER-QUI;17:00;18:30;180;810.0;4;Local 4;1;PREPARATORIO;4471.702000;6;993.711555
20770;TURMA 370;3-5;TER-QUI;19:00;20:00;120;540.0;6;Local 6;8;OUTROS;914.420000;8;203.204444
20773;TURMA 371;3-5;TER-QUI;14:20;15:50;180;810.0;7;Local 7;13;INFANTIL;11358.044000;13;2524.009777
20774;TURMA 372;2-4;SEG-QUA;16:20;17:50;180;810.0;7;Local 7;13;INFANTIL;9038.044000;11;2008.454222
20775;TURMA 373;3;TER;14:20;17:05;165;742.5;6;Local 6;5;ADULTO;6029.094000;9;1339.798666
20777;TURMA 374;5;QUI;14:20;17:05;165;742.5;6;Local 6;5;ADULTO;4893.448000;9;1087.432888
20778;TURMA 375;2-4;SEG-QUA;16:20;17:50;180;810.0;7;Local 7;13;INFANTIL;13553.530000;15;3011.895555
20779;TURMA 376;3-5;TER-QUI;14:20;15:50;180;810.0;7;Local 7;13;INFANTIL;9834.292000;11;2185.398222
20781;TURMA 377;7;SAB;09:00;12:15;195;877.5;7;Local 7;13;INFANTIL;14736.308000;19;3274.735111
20782;TURMA 378;2-4;SEG-QUA;16:20;17:50;180;810.0;7;Local 7;13;INFANTIL;14364.304000;17;3192.067555
20784;TURMA 379;3-5;TER-QUI;14:20;15:50;180;810.0;7;Local 7;13;INFANTIL;11417.082000;15;2537.129333
20785;TURMA 380;6;SEX;14:20;17:35;195;877.5;7;Local 7;13;INFANTIL;11143.288000;13;2476.286222
20786;TURMA 381;6;SEX;14:20;17:35;195;877.5;7;Local 7;13;INFANTIL;11467.124000;13;2548.249777
20789;TURMA 382;2-4;SEG-QUA;14:20;15:50;180;810.0;4;Local 4;13;INFANTIL;8300.168000;11;1844.481777
20790;TURMA 383;6;SEX;14:20;17:35;195;877.5;3;Local 3;12;INFANTIL;6899.636000;10;1533.252444
20791;TURMA 384;3-5;TER-QUI;14:10;15:40;180;810.0;6;Local 6;13;INFANTIL;3686.578000;6;819.239555
20792;TURMA 385;3-5;TER-QUI;14:10;15:40;180;810.0;6;Local 6;13;INFANTIL;6952.296000;10;1544.954666
20793;TURMA 386;6;SEX;14:20;17:35;195;877.5;7;Local 7;13;INFANTIL;6754.770000;8;1501.060000
20794;TURMA 387;3-5;TER-QUI;14:10;15:25;150;675.0;6;Local 6;22;INFANTIL;7261.526000;13;1613.672444
20795;TURMA 388;2-4;SEG-QUA;16:20;17:50;180;810.0;4;Local 4;12;INFANTIL;11660.528000;15;2591.228444
20796;TURMA 389;6;SEX;14:20;17:35;195;877.5;7;Local 7;13;INFANTIL;7323.260000;9;1627.391111
20797;TURMA 390;2-3-4-5-6;SEG-TER-QUA-QUI-SEX;18:45;19:45;300;1350.0;6;Local 6;3;INFANTIL;5971.348000;5;1326.966222
20798;TURMA 391;2-3-4-5-6;SEG-TER-QUA-QUI-SEX;18:45;19:45;300;1350.0;6;Local 6;3;INFANTIL;15785.184000;14;3507.818666
20799;TURMA 392;2-3-4-5-6;SEG-TER-QUA-QUI-SEX;18:45;19:45;300;1350.0;6;Local 6;3;INFANTIL;5418.978000;5;1204.217333
20800;TURMA 393;2-3-4-5-6;SEG-TER-QUA-QUI-SEX;18:45;19:45;300;1350.0;6;Local 6;3;INFANTIL;5270.010000;5;1171.113333
20802;TURMA 394;6;SEX;14:20;17:35;195;877.5;4;Local 4;12;INFANTIL;8390.518000;11;1864.559555
20803;TURMA 395;7;SAB;09:00;12:15;195;877.5;7;Local 7;13;INFANTIL;13483.628000;17;2996.361777
20804;TURMA 396;2-4;SEG-QUA;14:20;15:50;180;810.0;7;Local 7;13;INFANTIL;13037.652000;16;2897.256000
20805;TURMA 397;2-3-5;SEG-TER-QUI;13:00;14:40;300;1350.0;6;Local 6;3;INFANTIL;7615.968000;7;1692.437333
20806;TURMA 398;2-4;SEG-QUA;14:20;15:50;180;810.0;3;Local 3;11;INFANTIL;7876.402000;10;1750.311555
20807;TURMA 399;6;SEX;08:30;11:45;195;877.5;4;Local 4;12;INFANTIL;6857.716000;9;1523.936888
20808;TURMA 400;3-5;TER-QUI;07:30;08:30;120;540.0;1;Local 1;8;OUTROS;900.244000;13;200.054222
20809;TURMA 401;2-4;SEG-QUA;19:00;20:30;180;810.0;6;Local 6;13;INFANTIL;6146.906000;9;1365.979111
20810;TURMA 402;3-5;TER-QUI;19:00;20:00;120;540.0;6;Local 6;21;INFANTIL;3065.410000;7;681.202222
20811;TURMA 403;3-5;TER-QUI;19:00;20:15;150;675.0;6;Local 6;22;INFANTIL;4844.602000;8;1076.578222
20813;TURMA 404;3-5;TER-QUI;19:00;20:15;150;675.0;6;Local 6;22;INFANTIL;6216.206000;12;1381.379111
20814;TURMA 405;2-4;SEG-QUA;14:00;15:30;180;810.0;6;Local 6;13;INFANTIL;8735.026000;13;1941.116888
20815;TURMA 406;3-5;TER-QUI;19:00;20:00;120;540.0;1;Local 1;8;OUTROS;1913.120000;14;425.137777
20816;TURMA 407;2-4;SEG-QUA;14:00;15:30;180;810.0;6;Local 6;13;INFANTIL;4840.882000;7;1075.751555
20817;TURMA 408;2-4;SEG-QUA;19:00;20:00;120;540.0;1;Local 1;8;OUTROS;2225.734000;23;494.607555
20818;TURMA 409;3-5;TER-QUI;20:10;21:25;150;675.0;1;Local 1;5;ADULTO;1610.224000;12;357.827555
20819;TURMA 410;7;SAB;09:00;12:15;195;877.5;4;Local 4;13;INFANTIL;12958.686000;16;2879.708000
20820;TURMA 411;5;QUI;14:45;18:00;195;877.5;3;Local 3;13;INFANTIL;7092.688000;9;1576.152888
20821;TURMA 412;2-4;SEG-QUA;12:45;14:00;150;675.0;1;Local 1;5;ADULTO;636.730000;12;141.495555
20822;TURMA 413;2-4;SEG-QUA;20:15;21:30;150;675.0;1;Local 1;5;ADULTO;436.878000;10;97.084000
20823;TURMA 414;7;SAB;09:00;12:15;195;877.5;4;Local 4;13;INFANTIL;13552.012000;17;3011.558222
20824;TURMA 415;6;SEX;14:20;17:35;195;877.5;7;Local 7;13;INFANTIL;12564.792000;16;2792.176000
20825;TURMA 416;3-5;TER-QUI;07:30;08:45;150;675.0;1;Local 1;5;ADULTO;2732.926000;12;607.316888
20826;TURMA 417;6;SEX;14:20;17:35;195;877.5;7;Local 7;13;INFANTIL;13921.562000;16;3093.680444
20827;TURMA 418;3-5;TER-QUI;18:45;20:00;150;675.0;1;Local 1;5;ADULTO;1887.190000;11;419.375555
20828;TURMA 419;6;SEX;14:20;17:35;195;877.5;7;Local 7;13;INFANTIL;10852.728000;15;2411.717333
20829;TURMA 420;3-5;TER-QUI;09:00;10:30;180;810.0;4;Local 4;12;INFANTIL;3904.580000;6;867.684444
20831;TURMA 421;2-4;SEG-QUA;16:20;17:50;180;810.0;7;Local 7;11;INFANTIL;10374.184000;14;2305.374222
20832;TURMA 422;3-5;TER-QUI;12:45;14:00;150;675.0;1;Local 1;5;ADULTO;629.324000;10;139.849777
20833;TURMA 423;3-5;TER-QUI;14:00;15:30;180;810.0;6;Local 6;13;INFANTIL;1978.328000;3;439.628444
20834;TURMA 424;7;SAB;09:00;12:15;195;877.5;7;Local 7;11;INFANTIL;7674.462000;10;1705.436000
20835;TURMA 425;2-4;SEG-QUA;18:45;20:00;150;675.0;1;Local 1;5;ADULTO;2735.750000;8;607.944444
20836;TURMA 426;3-5;TER-QUI;14:00;15:30;180;810.0;6;Local 6;13;INFANTIL;4134.052000;5;918.678222
20837;TURMA 427;3-5;TER-QUI;14:00;15:15;150;675.0;6;Local 6;22;INFANTIL;8567.068000;15;1903.792888
20838;TURMA 428;2-4;SEG-QUA;19:30;20:45;150;675.0;1;Local 1;5;ADULTO;1778.400000;11;395.200000
20840;TURMA 429;7;SAB;09:00;12:15;195;877.5;6;Local 6;13;INFANTIL;11587.748000;19;2575.055111
20841;TURMA 430;7;SAB;09:00;12:15;195;877.5;6;Local 6;13;INFANTIL;7580.984000;10;1684.663111
20842;TURMA 431;2-4;SEG-QUA;12:45;14:00;150;675.0;1;Local 1;5;ADULTO;1355.252000;5;301.167111
20843;TURMA 432;2-4;SEG-QUA;18:45;20:00;150;675.0;7;Local 7;15;ADULTO;3758.638000;11;835.252888
20844;TURMA 433;3-5;TER-QUI;14:20;15:50;180;810.0;6;Local 6;13;INFANTIL;8643.298000;11;1920.732888
20845;TURMA 434;3-5;TER-QUI;20:10;21:25;150;675.0;1;Local 1;5;ADULTO;1640.200000;12;364.488888
20846;TURMA 435;7;SAB;09:00;12:05;185;832.5;7;Local 7;15;ADULTO;4168.318000;11;926.292888
20850;TURMA 436;3-5;TER-QUI;16:00;17:30;180;810.0;9;Local 9;12;INFANTIL;3803.304000;6;845.178666
20852;TURMA 437;3-5;TER-QUI;18:00;19:00;120;540.0;6;Local 6;16;OUTROS;1323.552000;4;294.122666
20853;TURMA 438;7;SAB;09:00;12:05;185;832.5;7;Local 7;15;ADULTO;3358.892000;9;746.420444
20854;TURMA 439;2-4;SEG-QUA;18:30;20:00;180;810.0;4;Local 4;12;INFANTIL;2927.270000;4;650.504444
20856;TURMA 440;7;SAB;09:00;11:15;135;607.5;6;Local 6;21;INFANTIL;5247.630000;11;1166.140000
20858;TURMA 441;2-4;SEG-QUA;14:20;15:35;150;675.0;6;Local 6;22;INFANTIL;3658.160000;6;812.924444
20859;TURMA 442;7;SAB;09:00;12:15;195;877.5;9;Local 9;4;INFANTIL;4429.480000;8;984.328888
20860;TURMA 443;6;SEX;14:30;17:45;195;877.5;9;Local 9;4;INFANTIL;4639.890000;7;1031.086666
20861;TURMA 444;7;SAB;09:00;12:15;195;877.5;9;Local 9;4;INFANTIL;3508.894000;6;779.754222
20862;TURMA 445;6;SEX;14:30;17:45;195;877.5;9;Local 9;4;INFANTIL;5024.384000;8;1116.529777
20863;TURMA 446;5;QUI;14:30;17:45;195;877.5;9;Local 9;4;INFANTIL;7188.914000;11;1597.536444
20864;TURMA 447;2-4;SEG-QUA;18:30;20:00;180;810.0;7;Local 7;1;PREPARATORIO;5104.348000;8;1134.299555
20872;TURMA 448;5;QUI;20:10;21:40;90;405.0;1;Local 1;7;OUTROS;2170.804000;5;482.400888
20873;TURMA 449;7;SAB;09:00;12:15;195;877.5;7;Local 7;1;PREPARATORIO;8170.934000;12;1815.763111
20874;TURMA 450;7;SAB;09:00;11:45;165;742.5;7;Local 7;19;PREPARATORIO;5418.618000;7;1204.137333
20875;TURMA 451;2-4;SEG-QUA;18:00;19:00;120;540.0;7;Local 7;16;OUTROS;1559.836000;5;346.630222
20876;TURMA 452;2-4;SEG-QUA;14:20;15:50;180;810.0;4;Local 4;12;INFANTIL;13541.908000;18;3009.312888
20877;TURMA 453;2-4;SEG-QUA;16:00;17:30;180;810.0;9;Local 9;13;INFANTIL;7266.356000;11;1614.745777
20881;TURMA 454;3-5;TER-QUI;19:00;20:00;120;540.0;7;Local 7;16;OUTROS;2879.218000;11;639.826222
20883;TURMA 455;3-5;TER-QUI;19:00;20:00;120;540.0;7;Local 7;16;OUTROS;2491.300000;9;553.622222
20884;TURMA 456;2-4;SEG-QUA;18:15;19:45;180;810.0;9;Local 9;13;INFANTIL;4235.104000;7;941.134222
20885;TURMA 457;7;SAB;09:00;11:15;135;607.5;7;Local 7;16;OUTROS;2373.636000;9;527.474666
20886;TURMA 458;3-5;TER-QUI;18:00;19:00;120;540.0;7;Local 7;16;OUTROS;4624.330000;13;1027.628888
20887;TURMA 459;3-5;TER-QUI;12:35;13:50;150;675.0;1;Local 1;15;ADULTO;1673.208000;8;371.824000
20888;TURMA 460;2-4;SEG-QUA;14:20;15:50;180;810.0;9;Local 9;13;INFANTIL;6262.302000;10;1391.622666
20889;TURMA 461;6;SEX;14:20;17:35;195;877.5;4;Local 4;13;INFANTIL;8012.512000;9;1780.558222
20890;TURMA 462;3-5;TER-QUI;19:15;20:15;120;540.0;7;Local 7;16;OUTROS;2947.842000;9;655.076000
20891;TURMA 463;3-5;TER-QUI;19:00;20:00;120;540.0;7;Local 7;16;OUTROS;2691.534000;9;598.118666
20892;TURMA 464;3-5;TER-QUI;18:45;20:00;150;675.0;9;Local 9;5;ADULTO;2296.082000;3;510.240444
20894;TURMA 465;3-5;TER-QUI;20:10;21:25;150;675.0;1;Local 1;15;ADULTO;1527.438000;7;339.430666
20895;TURMA 466;2;SEG;14:20;17:35;195;877.5;7;Local 7;12;INFANTIL;7734.786000;11;1718.841333
20897;TURMA 467;3-5;TER-QUI;20:10;21:25;150;675.0;1;Local 1;15;ADULTO;4126.546000;13;917.010222
20900;TURMA 468;2-4;SEG-QUA;07:30;08:45;150;675.0;1;Local 1;15;ADULTO;1263.736000;11;280.830222
20901;TURMA 469;3-5;TER-QUI;14:20;15:50;180;810.0;7;Local 7;13;INFANTIL;9347.682000;13;2077.262666
20902;TURMA 470;2-4;SEG-QUA;16:00;17:15;150;675.0;9;Local 9;5;ADULTO;2890.114000;5;642.247555
20904;TURMA 471;2-4;SEG-QUA;09:00;10:30;180;810.0;7;Local 7;12;INFANTIL;3601.618000;5;800.359555
20905;TURMA 472;6;SEX;08:30;11:45;195;877.5;4;Local 4;12;INFANTIL;4578.504000;6;1017.445333
20906;TURMA 473;2-4;SEG-QUA;18:45;20:00;150;675.0;1;Local 1;15;ADULTO;466.430000;7;103.651111
20907;TURMA 474;7;SAB;09:00;12:15;195;877.5;7;Local 7;12;INFANTIL;6165.194000;10;1370.043111
20909;TURMA 475;3-5;TER-QUI;18:45;20:00;150;675.0;9;Local 9;15;ADULTO;2768.556000;4;615.234666
20910;TURMA 476;3-5;TER-QUI;16:20;17:50;180;810.0;4;Local 4;12;INFANTIL;2396.160000;3;532.480000
20911;TURMA 477;2-4;SEG-QUA;20:10;21:25;150;675.0;1;Local 1;15;ADULTO;4507.972000;13;1001.771555
20913;TURMA 478;6;SEX;14:20;17:35;195;877.5;4;Local 4;12;INFANTIL;7458.744000;10;1657.498666
20916;TURMA 479;2-4;SEG-QUA;18:45;20:00;150;675.0;1;Local 1;15;ADULTO;2120.044000;7;471.120888
20917;TURMA 480;3-5;TER-QUI;18:15;19:45;180;810.0;9;Local 9;11;INFANTIL;3893.128000;6;865.139555
20918;TURMA 481;6;SEX;14:20;17:35;195;877.5;4;Local 4;11;INFANTIL;10313.112000;14;2291.802666
20919;TURMA 482;3-5;TER-QUI;09:00;10:30;180;810.0;9;Local 9;11;INFANTIL;3571.038000;5;793.564000
20921;TURMA 483;2-4-6;SEG-QUA-SEX;18:30;19:30;180;810.0;7;Local 7;11;INFANTIL;4623.140000;7;1027.364444
20922;TURMA 484;2-4;SEG-QUA;16:00;17:30;180;810.0;9;Local 9;11;INFANTIL;9599.478000;14;2133.217333
20923;TURMA 485;3-5;TER-QUI;14:20;15:50;180;810.0;4;Local 4;13;INFANTIL;13242.592000;16;2942.798222
20925;TURMA 486;3-5;TER-QUI;20:15;21:30;150;675.0;1;Local 1;19;PREPARATORIO;5436.596000;7;1208.132444
20926;TURMA 487;2-4;SEG-QUA;16:20;17:50;180;810.0;7;Local 7;12;INFANTIL;7636.930000;9;1697.095555
20928;TURMA 488;6;SEX;14:20;17:35;195;877.5;7;Local 7;12;INFANTIL;8492.074000;11;1887.127555
20929;TURMA 489;4;QUA;18:30;20:00;90;405.0;7;Local 7;20;ADULTO;1047.002000;9;232.667111
20930;TURMA 490;3-5;TER-QUI;18:45;19:45;120;540.0;1;Local 1;2;OUTROS;2637.000000;9;586.000000
20931;TURMA 491;6;SEX;14:20;17:35;195;877.5;7;Local 7;12;INFANTIL;7909.666000;10;1757.703555
20932;TURMA 492;6;SEX;08:30;11:45;195;877.5;7;Local 7;4;INFANTIL;5138.896000;7;1141.976888
20933;TURMA 493;6;SEX;14:20;17:35;195;877.5;4;Local 4;11;INFANTIL;7157.522000;10;1590.560444
20934;TURMA 494;2-4;SEG-QUA;18:30;19:30;120;540.0;7;Local 7;10;INFANTIL;1548.696000;3;344.154666
20935;TURMA 495;3-5;TER-QUI;09:00;10:30;180;810.0;9;Local 9;11;INFANTIL;3114.072000;5;692.016000
20936;TURMA 496;7;SAB;09:00;12:15;195;877.5;7;Local 7;12;INFANTIL;9382.256000;14;2084.945777
20937;TURMA 497;7;SAB;09:00;12:15;195;877.5;7;Local 7;4;INFANTIL;6988.486000;12;1552.996888
20938;TURMA 498;3-5;TER-QUI;18:30;19:30;120;540.0;7;Local 7;10;INFANTIL;3423.170000;6;760.704444
20939;TURMA 499;3-5;TER-QUI;14:20;15:50;180;810.0;4;Local 4;13;INFANTIL;8429.528000;11;1873.228444
20940;TURMA 500;2-4;SEG-QUA;16:20;17:50;180;810.0;7;Local 7;12;INFANTIL;7430.748000;9;1651.277333
20941;TURMA 501;2-4;SEG-QUA;14:20;15:50;180;810.0;9;Local 9;11;INFANTIL;7979.088000;13;1773.130666
20942;TURMA 502;6;SEX;14:30;17:45;195;877.5;7;Local 7;4;INFANTIL;7417.144000;10;1648.254222
20943;TURMA 503;6;SEX;14:20;17:35;195;877.5;4;Local 4;11;INFANTIL;6970.674000;11;1549.038666
20944;TURMA 504;6;SEX;08:30;11:45;195;877.5;7;Local 7;4;INFANTIL;10041.380000;13;2231.417777
20948;TURMA 505;3-5;TER-QUI;16:00;17:30;180;810.0;9;Local 9;13;INFANTIL;6211.946000;9;1380.432444
20949;TURMA 506;7;SAB;09:00;12:15;195;877.5;7;Local 7;4;INFANTIL;9274.266000;12;2060.948000
20950;TURMA 507;2-4;SEG-QUA;14:20;15:50;180;810.0;9;Local 9;11;INFANTIL;6458.338000;10;1435.186222
20951;TURMA 508;3-5;TER-QUI;14:20;15:50;180;810.0;7;Local 7;12;INFANTIL;6066.438000;8;1348.097333
20953;TURMA 509;6;SEX;14:30;17:45;195;877.5;7;Local 7;4;INFANTIL;8188.160000;12;1819.591111
20954;TURMA 510;2-4;SEG-QUA;14:30;17:45;390;1755.0;4;Local 4;4;INFANTIL;12916.250000;9;2870.277777
20955;TURMA 511;3-5;TER-QUI;20:10;21:40;180;810.0;1;Local 1;1;PREPARATORIO;6543.540000;11;1454.120000
20956;TURMA 512;6;SEX;08:30;11:45;195;877.5;7;Local 7;4;INFANTIL;9173.694000;12;2038.598666
20958;TURMA 513;7;SAB;09:00;12:15;195;877.5;7;Local 7;12;INFANTIL;10714.422000;13;2380.982666
20959;TURMA 514;2-4;SEG-QUA;16:00;17:30;180;810.0;9;Local 9;12;INFANTIL;6270.578000;11;1393.461777
20960;TURMA 515;7;SAB;09:00;12:15;195;877.5;7;Local 7;4;INFANTIL;4727.418000;8;1050.537333
20961;TURMA 516;4;QUA;19:30;21:00;90;405.0;1;Local 1;20;ADULTO;162.258000;15;36.057333
20962;TURMA 517;2-4;SEG-QUA;14:20;15:50;180;810.0;7;Local 7;12;INFANTIL;12475.700000;15;2772.377777
20963;TURMA 518;7;SAB;09:00;12:15;195;877.5;7;Local 7;4;INFANTIL;6390.822000;9;1420.182666
20964;TURMA 519;7;SAB;09:00;12:15;195;877.5;9;Local 9;12;INFANTIL;5332.398000;7;1184.977333
20965;TURMA 520;2-4;SEG-QUA;14:20;15:50;180;810.0;7;Local 7;12;INFANTIL;3306.182000;5;734.707111
20966;TURMA 521;6;SEX;14:30;17:45;195;877.5;7;Local 7;4;INFANTIL;5568.364000;7;1237.414222
20967;TURMA 522;5;QUI;18:45;20:15;90;405.0;1;Local 1;20;ADULTO;1898.160000;12;421.813333
20968;TURMA 523;6;SEX;14:30;17:45;195;877.5;7;Local 7;4;INFANTIL;7407.558000;10;1646.124000
20969;TURMA 524;7;SAB;09:00;12:15;195;877.5;7;Local 7;12;INFANTIL;13853.540000;17;3078.564444
20970;TURMA 525;3-5;TER-QUI;14:20;15:50;180;810.0;9;Local 9;12;INFANTIL;4499.620000;6;999.915555
20971;TURMA 526;7;SAB;09:00;12:15;195;877.5;7;Local 7;4;INFANTIL;7697.826000;10;1710.628000
20973;TURMA 527;3;TER;18:45;20:15;90;405.0;1;Local 1;20;ADULTO;3041.316000;11;675.848000
20974;TURMA 528;6;SEX;14:30;17:45;195;877.5;7;Local 7;4;INFANTIL;7684.750000;11;1707.722222
20975;TURMA 529;7;SAB;09:00;12:15;195;877.5;7;Local 7;13;INFANTIL;7156.308000;9;1590.290666
20977;TURMA 530;2-4;SEG-QUA;14:20;15:50;180;810.0;7;Local 7;13;INFANTIL;11850.712000;17;2633.491555
20978;TURMA 531;3;TER;18:45;20:15;90;405.0;1;Local 1;20;ADULTO;526.204000;9;116.934222
20979;TURMA 532;6;SEX;14:30;17:45;195;877.5;7;Local 7;4;INFANTIL;6492.354000;12;1442.745333
20980;TURMA 533;4;QUA;18:30;20:00;90;405.0;7;Local 7;20;ADULTO;2371.308000;8;526.957333
20981;TURMA 534;2-4;SEG-QUA;14:20;15:50;180;810.0;7;Local 7;13;INFANTIL;7782.582000;10;1729.462666
20982;TURMA 535;2-4;SEG-QUA;18:15;19:45;180;810.0;9;Local 9;12;INFANTIL;2551.930000;4;567.095555
20983;TURMA 536;3;TER;18:45;20:15;90;405.0;1;Local 1;20;ADULTO;0.000000;13;0.000000
20985;TURMA 537;3-5;TER-QUI;16:00;17:30;180;810.0;9;Local 9;12;INFANTIL;3343.646000;5;743.032444
20986;TURMA 538;2-4;SEG-QUA;14:20;15:50;180;810.0;7;Local 7;13;INFANTIL;13154.748000;17;2923.277333
20987;TURMA 539;7;SAB;09:00;12:15;195;877.5;7;Local 7;4;INFANTIL;4808.002000;6;1068.444888
20988;TURMA 540;4;QUA;12:00;13:30;90;405.0;1;Local 1;20;ADULTO;307.518000;15;68.337333
20990;TURMA 541;4;QUA;12:00;13:30;90;405.0;1;Local 1;20;ADULTO;262.800000;15;58.400000
20992;TURMA 542;2-4;SEG-QUA;14:20;15:50;180;810.0;7;Local 7;13;INFANTIL;6849.648000;9;1522.144000
20993;TURMA 543;3-5;TER-QUI;18:15;19:45;180;810.0;9;Local 9;12;INFANTIL;5232.456000;8;1162.768000
20995;TURMA 544;3;TER;20:10;21:40;90;405.0;1;Local 1;20;ADULTO;713.220000;9;158.493333
20997;TURMA 545;2-4;SEG-QUA;14:20;15:50;180;810.0;9;Local 9;12;INFANTIL;7922.658000;12;1760.590666
20998;TURMA 546;6;SEX;08:30;11:45;195;877.5;9;Local 9;4;INFANTIL;3859.836000;6;857.741333
20999;TURMA 547;3-5;TER-QUI;16:00;17:30;180;810.0;9;Local 9;12;INFANTIL;3049.590000;4;677.686666
21000;TURMA 548;6;SEX;08:30;11:45;195;877.5;9;Local 9;4;INFANTIL;980.976000;1;217.994666
21001;TURMA 549;2-4;SEG-QUA;14:20;15:50;180;810.0;7;Local 7;13;INFANTIL;9816.260000;13;2181.391111
21002;TURMA 550;3-5;TER-QUI;19:30;20:45;150;675.0;1;Local 1;5;ADULTO;1750.760000;11;389.057777
21003;TURMA 551;2-4;SEG-QUA;14:20;15:50;180;810.0;9;Local 9;12;INFANTIL;9839.808000;14;2186.624000
21005;TURMA 552;7;SAB;09:00;12:05;185;832.5;9;Local 9;5;ADULTO;1611.446000;2;358.099111
21006;TURMA 553;7;SAB;09:00;12:05;185;832.5;7;Local 7;5;ADULTO;6699.984000;13;1488.885333
21007;TURMA 554;2-4;SEG-QUA;14:20;15:50;180;810.0;7;Local 7;13;INFANTIL;6719.132000;9;1493.140444
21008;TURMA 555;3-5;TER-QUI;12:00;13:15;150;675.0;1;Local 1;15;ADULTO;399.870000;10;88.860000
21009;TURMA 556;3-5;TER-QUI;14:20;15:50;180;810.0;9;Local 9;13;INFANTIL;3183.958000;4;707.546222
21011;TURMA 557;3-5;TER-QUI;14:20;15:50;180;810.0;9;Local 9;11;INFANTIL;7313.910000;12;1625.313333
21012;TURMA 558;3-5;TER-QUI;14:20;15:50;180;810.0;9;Local 9;11;INFANTIL;9086.600000;14;2019.244444
21013;TURMA 559;2-4;SEG-QUA;14:20;15:50;180;810.0;7;Local 7;13;INFANTIL;8505.200000;12;1890.044444
21014;TURMA 560;2-4;SEG-QUA;14:20;15:50;180;810.0;9;Local 9;12;INFANTIL;4191.512000;6;931.447111
21015;TURMA 561;3-5;TER-QUI;14:20;15:50;180;810.0;7;Local 7;12;INFANTIL;1606.558000;2;357.012888
21016;TURMA 562;2-4;SEG-QUA;14:20;15:50;180;810.0;7;Local 7;12;INFANTIL;7042.084000;10;1564.907555
21017;TURMA 563;3-5;TER-QUI;14:20;15:50;180;810.0;7;Local 7;12;INFANTIL;7295.208000;12;1621.157333
21018;TURMA 564;2-4;SEG-QUA;14:20;15:50;180;810.0;7;Local 7;12;INFANTIL;4045.700000;6;899.044444
21019;TURMA 565;2-4;SEG-QUA;14:20;15:50;180;810.0;7;Local 7;12;INFANTIL;11817.502000;17;2626.111555
21020;TURMA 566;6;SEX;08:30;11:45;195;877.5;4;Local 4;4;INFANTIL;6458.564000;9;1435.236444
21021;TURMA 567;2-4;SEG-QUA;18:45;20:00;150;675.0;7;Local 7;5;ADULTO;2614.928000;12;581.095111
21022;TURMA 568;3-5;TER-QUI;12:50;14:05;150;675.0;7;Local 7;5;ADULTO;4658.464000;8;1035.214222
21023;TURMA 569;6;SEX;14:20;17:05;165;742.5;7;Local 7;5;ADULTO;6098.822000;10;1355.293777
21028;TURMA 570;3-5;TER-QUI;19:00;20:00;120;540.0;7;Local 7;8;OUTROS;1085.760000;9;241.280000
21030;TURMA 571;3-5;TER-QUI;19:00;20:00;120;540.0;7;Local 7;8;OUTROS;1406.472000;11;312.549333
21032;TURMA 572;3-5;TER-QUI;14:15;15:45;180;810.0;7;Local 7;13;INFANTIL;8137.664000;12;1808.369777
21033;TURMA 573;3-5;TER-QUI;14:15;15:45;180;810.0;7;Local 7;13;INFANTIL;6226.384000;10;1383.640888
21034;TURMA 574;3-5;TER-QUI;14:15;15:45;180;810.0;7;Local 7;13;INFANTIL;10785.146000;17;2396.699111
21035;TURMA 575;3-5;TER-QUI;14:15;15:45;180;810.0;7;Local 7;13;INFANTIL;7123.990000;9;1583.108888
21036;TURMA 576;2-4;SEG-QUA;14:30;17:45;390;1755.0;4;Local 4;4;INFANTIL;4503.336000;3;1000.741333
21037;TURMA 577;3-5;TER-QUI;14:15;15:45;180;810.0;7;Local 7;13;INFANTIL;12611.056000;17;2802.456888
21038;TURMA 578;3-5;TER-QUI;14:15;15:45;180;810.0;7;Local 7;13;INFANTIL;6722.160000;9;1493.813333
21039;TURMA 579;3-5;TER-QUI;14:15;15:45;180;810.0;7;Local 7;13;INFANTIL;11869.912000;16;2637.758222
21041;TURMA 580;3-5;TER-QUI;14:15;15:45;180;810.0;7;Local 7;12;INFANTIL;9936.230000;15;2208.051111
21043;TURMA 581;3-5;TER-QUI;14:15;15:45;180;810.0;7;Local 7;13;INFANTIL;9244.672000;12;2054.371555
21045;TURMA 582;3-5;TER-QUI;14:15;15:45;180;810.0;7;Local 7;12;INFANTIL;5172.532000;7;1149.451555
21047;TURMA 583;3-5;TER-QUI;14:20;15:50;180;810.0;7;Local 7;11;INFANTIL;4196.626000;7;932.583555
21050;TURMA 584;3-5;TER-QUI;07:30;08:45;150;675.0;1;Local 1;5;ADULTO;564.774000;10;125.505333
21053;TURMA 585;2-4;SEG-QUA;18:45;20:00;150;675.0;1;Local 1;14;ADULTO;4206.656000;13;934.812444
21055;TURMA 586;3;TER;18:30;20:00;90;405.0;4;Local 4;20;ADULTO;1244.946000;14;276.654666
21056;TURMA 587;3;TER;18:30;20:00;90;405.0;4;Local 4;20;ADULTO;1730.056000;12;384.456888
21057;TURMA 588;2-4;SEG-QUA;18:30;20:00;180;810.0;4;Local 4;1;PREPARATORIO;7863.640000;10;1747.475555
21058;TURMA 589;3-5;TER-QUI;18:45;20:00;150;675.0;1;Local 1;5;ADULTO;799.614000;10;177.692000
21059;TURMA 590;3-5;TER-QUI;18:30;20:00;180;810.0;4;Local 4;1;PREPARATORIO;4185.332000;7;930.073777
21060;TURMA 591;6;SEX;14:20;17:35;195;877.5;4;Local 4;1;PREPARATORIO;7775.710000;10;1727.935555
21061;TURMA 592;2-4;SEG-QUA;07:30;08:45;150;675.0;4;Local 4;5;ADULTO;222.116000;3;49.359111
21062;TURMA 593;3-5;TER-QUI;18:45;20:00;150;675.0;4;Local 4;5;ADULTO;182.218000;8;40.492888
21063;TURMA 594;3-5;TER-QUI;18:45;20:00;150;675.0;4;Local 4;5;ADULTO;885.588000;7;196.797333
21064;TURMA 595;3-5;TER-QUI;12:35;13:50;150;675.0;4;Local 4;5;ADULTO;2052.098000;12;456.021777
21065;TURMA 596;3-5;TER-QUI;18:45;20:00;150;675.0;4;Local 4;5;ADULTO;0.000000;10;0.000000
21066;TURMA 597;3-5;TER-QUI;16:20;17:35;150;675.0;4;Local 4;5;ADULTO;2647.246000;4;588.276888
21067;TURMA 598;3-5;TER-QUI;18:45;20:00;150;675.0;4;Local 4;5;ADULTO;2447.338000;13;543.852888
21068;TURMA 599;7;SAB;09:00;12:15;195;877.5;4;Local 4;11;INFANTIL;2553.976000;4;567.550222
21069;TURMA 600;6;SEX;08:30;11:45;195;877.5;4;Local 4;11;INFANTIL;11598.878000;17;2577.528444
21070;TURMA 601;5;QUI;18:45;21:25;160;720.0;4;Local 4;15;ADULTO;5805.904000;10;1290.200888
21072;TURMA 602;7;SAB;09:00;12:05;185;832.5;4;Local 4;15;ADULTO;5547.758000;11;1232.835111
21073;TURMA 603;3-5;TER-QUI;18:45;20:00;150;675.0;1;Local 1;15;ADULTO;5257.264000;12;1168.280888
21074;TURMA 604;3-5;TER-QUI;19:00;20:00;120;540.0;4;Local 4;16;OUTROS;3633.402000;11;807.422666
21075;TURMA 605;7;SAB;09:00;12:05;185;832.5;4;Local 4;5;ADULTO;4197.450000;8;932.766666
21077;TURMA 606;5;QUI;14:45;18:00;195;877.5;3;Local 3;12;INFANTIL;7278.282000;9;1617.396000
21084;TURMA 607;3-5;TER-QUI;19:00;20:00;120;540.0;4;Local 4;16;OUTROS;4209.238000;17;935.386222
21085;TURMA 608;3-5;TER-QUI;14:30;16:00;180;810.0;8;Local 8;12;INFANTIL;3980.802000;10;884.622666
21086;TURMA 609;3-5;TER-QUI;18:30;19:45;150;675.0;8;Local 8;5;ADULTO;3621.164000;10;804.703111
21087;TURMA 610;2-4;SEG-QUA;16:15;17:45;180;810.0;8;Local 8;12;INFANTIL;4247.830000;9;943.962222
21091;TURMA 611;7;SAB;09:00;12:05;185;832.5;1;Local 1;5;ADULTO;1221.632000;11;271.473777
21092;TURMA 612;3-5;TER-QUI;18:45;20:00;150;675.0;1;Local 1;5;ADULTO;2421.056000;14;538.012444
21093;TURMA 613;7;SAB;09:00;12:05;185;832.5;7;Local 7;5;ADULTO;3144.218000;13;698.715111
21096;TURMA 614;3-5;TER-QUI;18:30;20:00;180;810.0;8;Local 8;13;INFANTIL;5999.220000;13;1333.160000
21097;TURMA 615;3-5;TER-QUI;14:30;16:00;180;810.0;8;Local 8;13;INFANTIL;2298.740000;5;510.831111
21098;TURMA 616;3-5;TER-QUI;14:15;15:45;180;810.0;7;Local 7;12;INFANTIL;6808.006000;9;1512.890222
21099;TURMA 617;7;SAB;09:00;11:15;135;607.5;8;Local 8;16;OUTROS;4137.002000;13;919.333777
21100;TURMA 618;2-4;SEG-QUA;16:15;17:45;180;810.0;8;Local 8;13;INFANTIL;4001.492000;9;889.220444
21101;TURMA 619;2-4;SEG-QUA;16:15;17:45;180;810.0;8;Local 8;13;INFANTIL;6311.120000;13;1402.471111
21102;TURMA 620;3-5;TER-QUI;16:15;17:45;180;810.0;8;Local 8;13;INFANTIL;6960.018000;15;1546.670666
21103;TURMA 621;3-5;TER-QUI;14:20;15:50;180;810.0;1;Local 1;1;PREPARATORIO;3703.066000;5;822.903555
21104;TURMA 622;3-5;TER-QUI;14:15;15:45;180;810.0;7;Local 7;12;INFANTIL;7630.914000;11;1695.758666
21105;TURMA 623;3-5;TER-QUI;14:30;16:00;180;810.0;8;Local 8;13;INFANTIL;4492.190000;10;998.264444
21106;TURMA 624;2-4;SEG-QUA;14:30;16:00;180;810.0;8;Local 8;13;INFANTIL;3616.312000;8;803.624888
21107;TURMA 625;7;SAB;09:00;11:15;135;607.5;1;Local 1;16;OUTROS;4039.438000;19;897.652888
21108;TURMA 626;3-5;TER-QUI;14:30;16:00;180;810.0;8;Local 8;13;INFANTIL;4495.134000;8;998.918666
21109;TURMA 627;2-4;SEG-QUA;16:15;17:45;180;810.0;8;Local 8;13;INFANTIL;6466.196000;13;1436.932444
21110;TURMA 628;2-4;SEG-QUA;18:30;19:45;150;675.0;8;Local 8;5;ADULTO;2010.552000;5;446.789333
21112;TURMA 629;2-4;SEG-QUA;20:10;21:10;120;540.0;1;Local 1;16;OUTROS;3863.728000;17;858.606222
21113;TURMA 630;3-5;TER-QUI;16:15;17:45;180;810.0;8;Local 8;13;INFANTIL;3060.198000;7;680.044000
21115;TURMA 631;3-5;TER-QUI;18:30;20:00;180;810.0;8;Local 8;13;INFANTIL;7631.282000;17;1695.840444
21116;TURMA 632;2-4;SEG-QUA;16:15;17:45;180;810.0;8;Local 8;13;INFANTIL;6708.960000;14;1490.880000
21117;TURMA 633;3-5;TER-QUI;16:15;17:45;180;810.0;8;Local 8;13;INFANTIL;7573.700000;16;1683.044444
21118;TURMA 634;3-5;TER-QUI;20:10;21:40;180;810.0;1;Local 1;13;INFANTIL;2748.468000;3;610.770666
21119;TURMA 635;3-5;TER-QUI;14:30;16:00;180;810.0;8;Local 8;13;INFANTIL;4036.290000;9;896.953333
21120;TURMA 636;3-5;TER-QUI;16:15;17:45;180;810.0;8;Local 8;12;INFANTIL;7031.492000;16;1562.553777
21121;TURMA 637;2-4;SEG-QUA;16:15;17:45;180;810.0;8;Local 8;13;INFANTIL;5201.100000;11;1155.800000
21123;TURMA 638;3-5;TER-QUI;18:30;20:00;180;810.0;8;Local 8;13;INFANTIL;4532.030000;10;1007.117777
21124;TURMA 639;3-5;TER-QUI;18:30;19:45;150;675.0;8;Local 8;12;INFANTIL;4989.242000;11;1108.720444
21125;TURMA 640;2-4;SEG-QUA;14:30;16:00;180;810.0;8;Local 8;13;INFANTIL;3076.644000;6;683.698666
21126;TURMA 641;6;SEX;08:15;11:30;195;877.5;8;Local 8;4;INFANTIL;5227.236000;11;1161.608000
21127;TURMA 642;2-4;SEG-QUA;09:00;10:30;180;810.0;8;Local 8;13;INFANTIL;3010.484000;6;668.996444
21128;TURMA 643;7;SAB;09:00;12:15;195;877.5;8;Local 8;4;INFANTIL;3828.578000;8;850.795111
21129;TURMA 644;6;SEX;14:30;17:45;195;877.5;8;Local 8;4;INFANTIL;2049.608000;5;455.468444
21130;TURMA 645;6;SEX;08:15;11:30;195;877.5;8;Local 8;4;INFANTIL;6095.074000;13;1354.460888
21132;TURMA 646;6;SEX;08:15;11:30;195;877.5;8;Local 8;4;INFANTIL;6628.544000;14;1473.009777
21133;TURMA 647;3-5;TER-QUI;19:00;20:00;120;540.0;8;Local 8;16;OUTROS;4605.518000;15;1023.448444
21134;TURMA 648;4;QUA;08:15;11:30;195;877.5;8;Local 8;4;INFANTIL;4248.732000;9;944.162666
21135;TURMA 649;6;SEX;08:15;11:30;195;877.5;8;Local 8;13;INFANTIL;3210.070000;7;713.348888
21136;TURMA 650;7;SAB;09:00;12:15;195;877.5;8;Local 8;4;INFANTIL;5665.112000;12;1258.913777
21138;TURMA 651;7;SAB;09:00;12:15;195;877.5;8;Local 8;4;INFANTIL;5671.074000;12;1260.238666
21139;TURMA 652;7;SAB;09:00;12:15;195;877.5;8;Local 8;13;INFANTIL;4790.058000;11;1064.457333
21140;TURMA 653;6;SEX;14:30;17:45;195;877.5;8;Local 8;4;INFANTIL;2371.892000;5;527.087111
21141;TURMA 654;2-4;SEG-QUA;09:00;10:30;180;810.0;8;Local 8;11;INFANTIL;5626.430000;13;1250.317777
21142;TURMA 655;2-4;SEG-QUA;16:15;17:45;180;810.0;8;Local 8;13;INFANTIL;5629.398000;11;1250.977333
21143;TURMA 656;6;SEX;14:30;17:45;195;877.5;8;Local 8;4;INFANTIL;4553.154000;10;1011.812000
21144;TURMA 657;2-4;SEG-QUA;18:30;20:00;180;810.0;8;Local 8;1;PREPARATORIO;2533.078000;9;562.906222
21145;TURMA 658;2-4;SEG-QUA;16:15;17:45;180;810.0;8;Local 8;13;INFANTIL;5667.338000;13;1259.408444
21146;TURMA 659;3;TER;07:30;09:00;90;405.0;8;Local 8;20;ADULTO;1405.842000;6;312.409333
21147;TURMA 660;3-5;TER-QUI;16:15;17:45;180;810.0;8;Local 8;13;INFANTIL;6187.144000;14;1374.920888
21148;TURMA 661;3-5;TER-QUI;16:15;17:45;180;810.0;8;Local 8;13;INFANTIL;4313.374000;9;958.527555
21149;TURMA 662;6;SEX;08:15;11:30;195;877.5;8;Local 8;11;INFANTIL;6867.518000;14;1526.115111
21150;TURMA 663;3-5;TER-QUI;07:30;08:45;150;675.0;8;Local 8;15;ADULTO;2545.450000;6;565.655555
21151;TURMA 664;6;SEX;08:15;11:30;195;877.5;8;Local 8;11;INFANTIL;6263.922000;13;1391.982666
21153;TURMA 665;2-4;SEG-QUA;14:00;15:30;180;810.0;8;Local 8;13;INFANTIL;1829.462000;5;406.547111
21154;TURMA 666;2-3-4-5-6;SEG-TER-QUA-QUI-SEX;18:45;19:45;300;1350.0;7;Local 7;3;INFANTIL;5849.890000;5;1299.975555
21155;TURMA 667;3-5;TER-QUI;07:30;08:45;150;675.0;8;Local 8;15;ADULTO;1234.310000;3;274.291111
21156;TURMA 668;6;SEX;08:15;11:30;195;877.5;8;Local 8;11;INFANTIL;5851.094000;13;1300.243111
21157;TURMA 669;2-3-4-5-6;SEG-TER-QUA-QUI-SEX;18:45;19:45;300;1350.0;7;Local 7;3;INFANTIL;12710.182000;12;2824.484888
21159;TURMA 670;3-6;TER-SEX;14:00;15:30;180;810.0;8;Local 8;13;INFANTIL;1936.318000;5;430.292888
21163;TURMA 671;2-3-4-5-6;SEG-TER-QUA-QUI-SEX;18:45;19:45;300;1350.0;7;Local 7;3;INFANTIL;11822.582000;11;2627.240444
21164;TURMA 672;7;SAB;09:00;12:15;195;877.5;8;Local 8;11;INFANTIL;3431.564000;9;762.569777
21165;TURMA 673;2-4;SEG-QUA;14:30;16:00;180;810.0;8;Local 8;12;INFANTIL;3525.434000;7;783.429777
21166;TURMA 674;3-5;TER-QUI;18:30;20:00;180;810.0;8;Local 8;12;INFANTIL;5592.472000;12;1242.771555
21167;TURMA 675;6;SEX;14:30;17:45;195;877.5;8;Local 8;11;INFANTIL;2969.856000;7;659.968000
21168;TURMA 676;6;SEX;08:15;11:30;195;877.5;8;Local 8;12;INFANTIL;7072.954000;15;1571.767555
21170;TURMA 677;2-4;SEG-QUA;09:00;10:30;180;810.0;8;Local 8;12;INFANTIL;3256.274000;9;723.616444
21171;TURMA 678;2-4;SEG-QUA;09:00;10:30;180;810.0;8;Local 8;11;INFANTIL;5779.476000;15;1284.328000
21172;TURMA 679;3-5;TER-QUI;14:30;16:00;180;810.0;8;Local 8;12;INFANTIL;6418.536000;13;1426.341333
21173;TURMA 680;6;SEX;08:15;11:30;195;877.5;8;Local 8;11;INFANTIL;7112.884000;16;1580.640888
21174;TURMA 681;2-4;SEG-QUA;09:00;10:30;180;810.0;8;Local 8;12;INFANTIL;6259.666000;13;1391.036888
21175;TURMA 682;2-4-6;SEG-QUA-SEX;13:00;14:40;300;1350.0;7;Local 7;3;INFANTIL;6967.400000;6;1548.311111
21176;TURMA 683;3-5;TER-QUI;14:30;16:00;180;810.0;8;Local 8;12;INFANTIL;4386.422000;11;974.760444
21177;TURMA 684;7;SAB;09:00;12:15;195;877.5;8;Local 8;11;INFANTIL;3533.076000;7;785.128000
21178;TURMA 685;2-4;SEG-QUA;18:30;20:00;180;810.0;8;Local 8;12;INFANTIL;3998.618000;9;888.581777
21179;TURMA 686;3-5;TER-QUI;16:15;17:45;180;810.0;8;Local 8;11;INFANTIL;6646.198000;14;1476.932888
21180;TURMA 687;6;SEX;08:15;11:30;195;877.5;8;Local 8;12;INFANTIL;6128.814000;13;1361.958666
21181;TURMA 688;2-4;SEG-QUA;09:00;10:30;180;810.0;8;Local 8;12;INFANTIL;4421.008000;10;982.446222
21182;TURMA 689;6;SEX;09:00;11:10;130;585.0;8;Local 8;11;INFANTIL;3442.864000;10;765.080888
21184;TURMA 690;3-5;TER-QUI;16:15;17:15;120;540.0;8;Local 8;11;INFANTIL;4608.812000;12;1024.180444
21185;TURMA 691;6;SEX;09:00;11:10;130;585.0;8;Local 8;11;INFANTIL;3905.118000;12;867.804000
21186;TURMA 692;7;SAB;09:00;11:10;130;585.0;8;Local 8;11;INFANTIL;2796.812000;7;621.513777
21187;TURMA 693;6;SEX;09:00;11:10;130;585.0;8;Local 8;11;INFANTIL;2499.908000;6;555.535111
21188;TURMA 694;2-4-6;SEG-QUA-SEX;13:00;14:40;300;1350.0;7;Local 7;3;INFANTIL;6491.114000;6;1442.469777
21189;TURMA 695;2-4-6;SEG-QUA-SEX;13:00;14:40;300;1350.0;7;Local 7;3;INFANTIL;8177.244000;7;1817.165333
21190;TURMA 696;3-5;TER-QUI;14:20;15:50;180;810.0;7;Local 7;13;INFANTIL;7746.182000;10;1721.373777
21191;TURMA 697;3-5;TER-QUI;18:30;20:00;180;810.0;6;Local 6;1;PREPARATORIO;3920.432000;6;871.207111
21192;TURMA 698;3;TER;14:20;17:35;195;877.5;7;Local 7;12;INFANTIL;5447.808000;8;1210.624000
21193;TURMA 699;4;QUA;14:20;17:35;195;877.5;7;Local 7;12;INFANTIL;11109.974000;14;2468.883111
21194;TURMA 700;2-4-6;SEG-QUA-SEX;13:00;14:40;300;1350.0;7;Local 7;3;INFANTIL;3347.844000;3;743.965333
21195;TURMA 701;3-5;TER-QUI;14:15;15:45;180;810.0;7;Local 7;13;INFANTIL;10027.584000;15;2228.352000
21196;TURMA 702;2-4;SEG-QUA;19:00;20:15;150;675.0;6;Local 6;5;ADULTO;2266.322000;7;503.627111
21197;TURMA 703;5;QUI;08:15;11:30;195;877.5;8;Local 8;4;INFANTIL;1292.770000;3;287.282222
21198;TURMA 704;5;QUI;08:15;11:30;195;877.5;8;Local 8;4;INFANTIL;3153.756000;8;700.834666
21199;TURMA 705;5;QUI;08:15;11:30;195;877.5;8;Local 8;11;INFANTIL;1104.248000;3;245.388444
21203;TURMA 706;6;SEX;14:30;17:45;195;877.5;8;Local 8;12;INFANTIL;2954.402000;7;656.533777
21205;TURMA 707;3-5;TER-QUI;14:30;16:00;180;810.0;8;Local 8;13;INFANTIL;6512.490000;13;1447.220000
21206;TURMA 708;3-5;TER-QUI;14:30;16:00;180;810.0;8;Local 8;12;INFANTIL;3830.328000;10;851.184000
21208;TURMA 709;2-4;SEG-QUA;19:00;20:00;120;540.0;8;Local 8;16;OUTROS;3473.032000;12;771.784888
21209;TURMA 710;2-4;SEG-QUA;18:30;19:45;150;675.0;8;Local 8;5;ADULTO;1149.390000;3;255.420000
21223;TURMA 711;3-5;TER-QUI;16:20;17:50;180;810.0;4;Local 4;13;INFANTIL;7824.586000;9;1738.796888
21226;TURMA 712;2-4;SEG-QUA;16:20;17:50;180;810.0;4;Local 4;13;INFANTIL;13933.050000;18;3096.233333
21227;TURMA 713;2-4;SEG-QUA;14:30;17:45;390;1755.0;4;Local 4;4;INFANTIL;12061.234000;8;2680.274222
21228;TURMA 714;2-4;SEG-QUA;07:30;08:45;150;675.0;4;Local 4;5;ADULTO;0.000000;11;0.000000
21229;TURMA 715;7;SAB;09:00;12:15;195;877.5;4;Local 4;1;PREPARATORIO;5994.792000;8;1332.176000
21230;TURMA 716;3-5;TER-QUI;12:35;13:50;150;675.0;4;Local 4;5;ADULTO;3368.956000;10;748.656888
21231;TURMA 717;3-5;TER-QUI;16:20;17:50;180;810.0;4;Local 4;1;PREPARATORIO;8409.338000;12;1868.741777
21232;TURMA 718;2-4;SEG-QUA;07:30;08:45;150;675.0;4;Local 4;5;ADULTO;0.000000;9;0.000000
21233;TURMA 719;6;SEX;14:20;17:35;195;877.5;4;Local 4;12;INFANTIL;12237.650000;16;2719.477777
21234;TURMA 720;2-4;SEG-QUA;16:20;17:50;180;810.0;4;Local 4;12;INFANTIL;9329.040000;12;2073.120000
21235;TURMA 721;6;SEX;14:20;17:35;195;877.5;4;Local 4;12;INFANTIL;7503.322000;10;1667.404888
21236;TURMA 722;2-4;SEG-QUA;14:20;15:50;180;810.0;4;Local 4;13;INFANTIL;7936.788000;10;1763.730666
21237;TURMA 723;3-5;TER-QUI;18:45;20:00;150;675.0;4;Local 4;15;ADULTO;2946.194000;7;654.709777
21238;TURMA 724;3-5;TER-QUI;18:45;20:00;150;675.0;4;Local 4;15;ADULTO;2331.526000;7;518.116888
21239;TURMA 725;6;SEX;14:20;17:35;195;877.5;4;Local 4;11;INFANTIL;1111.934000;2;247.096444
21240;TURMA 726;2-4;SEG-QUA;16:30;18:00;180;810.0;4;Local 4;13;INFANTIL;9487.444000;13;2108.320888
21241;TURMA 727;2-4;SEG-QUA;16:30;18:00;180;810.0;4;Local 4;13;INFANTIL;5232.090000;7;1162.686666
21244;TURMA 728;7;SAB;09:00;12:15;195;877.5;5;Local 5;4;INFANTIL;3069.438000;5;682.097333
21249;TURMA 729;7;SAB;09:00;12:05;185;832.5;5;Local 5;5;ADULTO;4623.956000;12;1027.545777
21262;TURMA 730;3-5;TER-QUI;19:00;20:15;150;675.0;6;Local 6;5;ADULTO;2246.254000;8;499.167555
21265;TURMA 731;3-5;TER-QUI;16:20;17:50;180;810.0;6;Local 6;11;INFANTIL;4081.890000;6;907.086666
21271;TURMA 732;2-4;SEG-QUA;14:20;15:50;180;810.0;7;Local 7;12;INFANTIL;8285.878000;12;1841.306222
21279;TURMA 733;2-4;SEG-QUA;19:15;20:15;120;540.0;7;Local 7;16;OUTROS;4056.998000;14;901.555111
21280;TURMA 734;2-4;SEG-QUA;18:00;19:00;120;540.0;7;Local 7;16;OUTROS;2324.300000;9;516.511111
21288;TURMA 735;3-5;TER-QUI;12:35;13:50;150;675.0;7;Local 7;5;ADULTO;1135.306000;6;252.290222
21290;TURMA 736;5;QUI;14:20;17:35;195;877.5;7;Local 7;12;INFANTIL;2020.346000;3;448.965777
21298;TURMA 737;3-5;TER-QUI;18:45;20:00;150;675.0;7;Local 7;5;ADULTO;2665.390000;12;592.308888
21303;TURMA 738;3-5;TER-QUI;18:45;20:00;150;675.0;7;Local 7;6;ADULTO;3136.862000;9;697.080444
21304;TURMA 739;2-4;SEG-QUA;20:10;21:25;150;675.0;1;Local 1;6;ADULTO;984.408000;6;218.757333
21305;TURMA 740;2-4;SEG-QUA;12:00;13:15;150;675.0;1;Local 1;6;ADULTO;955.986000;13;212.441333
21306;TURMA 741;2-4;SEG-QUA;12:45;14:00;150;675.0;1;Local 1;6;ADULTO;1451.156000;11;322.479111
21307;TURMA 742;2-4;SEG-QUA;18:45;20:00;150;675.0;7;Local 7;6;ADULTO;4963.922000;12;1103.093777
21308;TURMA 743;7;SAB;09:00;12:05;185;832.5;1;Local 1;6;ADULTO;1673.270000;13;371.837777
21311;TURMA 744;3-5;TER-QUI;18:45;20:00;150;675.0;1;Local 1;6;ADULTO;3240.720000;7;720.160000
21312;TURMA 745;3-5;TER-QUI;18:45;20:00;150;675.0;1;Local 1;6;ADULTO;3494.618000;8;776.581777
21313;TURMA 746;2-4;SEG-QUA;18:45;20:00;150;675.0;1;Local 1;6;ADULTO;2995.330000;11;665.628888
21314;TURMA 747;3-5;TER-QUI;18:45;20:00;150;675.0;1;Local 1;6;ADULTO;1496.718000;6;332.604000
21315;TURMA 748;2-4;SEG-QUA;18:45;20:00;150;675.0;7;Local 7;6;ADULTO;7058.840000;12;1568.631111
21316;TURMA 749;2-4;SEG-QUA;18:45;20:00;150;675.0;1;Local 1;6;ADULTO;2178.514000;12;484.114222
21317;TURMA 750;3-5;TER-QUI;07:30;08:45;150;675.0;1;Local 1;6;ADULTO;1369.712000;12;304.380444
21318;TURMA 751;3-5;TER-QUI;12:35;13:50;150;675.0;7;Local 7;6;ADULTO;3955.506000;9;879.001333
21319;TURMA 752;3-5;TER-QUI;18:45;20:00;150;675.0;6;Local 6;6;ADULTO;3925.884000;10;872.418666
21322;TURMA 753;7;SAB;09:00;12:15;195;877.5;4;Local 4;12;INFANTIL;3907.616000;8;868.359111
21324;TURMA 754;3-5;TER-QUI;12:35;13:50;150;675.0;4;Local 4;6;ADULTO;700.816000;9;155.736888
21325;TURMA 755;7;SAB;09:00;12:05;185;832.5;4;Local 4;6;ADULTO;5200.786000;11;1155.730222
21326;TURMA 756;3-5;TER-QUI;12:35;13:50;150;675.0;4;Local 4;6;ADULTO;396.354000;13;88.078666
21327;TURMA 757;2-4;SEG-QUA;07:30;08:45;150;675.0;4;Local 4;6;ADULTO;3186.728000;9;708.161777
21328;TURMA 758;3-5;TER-QUI;18:45;20:00;150;675.0;4;Local 4;6;ADULTO;703.364000;8;156.303111
21329;TURMA 759;7;SAB;09:00;12:05;185;832.5;4;Local 4;6;ADULTO;4370.324000;9;971.183111
21331;TURMA 760;2-4;SEG-QUA;16:00;17:30;180;810.0;9;Local 9;12;INFANTIL;3692.398000;5;820.532888
21333;TURMA 761;3-5;TER-QUI;18:45;20:00;150;675.0;5;Local 5;6;ADULTO;8566.894000;14;1903.754222
21334;TURMA 762;2-4;SEG-QUA;19:00;20:15;150;675.0;5;Local 5;6;ADULTO;3588.894000;8;797.532000
21335;TURMA 763;3-5;TER-QUI;18:45;20:00;150;675.0;1;Local 1;6;ADULTO;1885.322000;9;418.960444
21336;TURMA 764;3-5;TER-QUI;18:45;20:00;150;675.0;1;Local 1;6;ADULTO;1964.388000;7;436.530666
21338;TURMA 765;2-4;SEG-QUA;07:30;08:45;150;675.0;1;Local 1;6;ADULTO;2650.392000;12;588.976000
21339;TURMA 766;2-4;SEG-QUA;20:15;21:30;150;675.0;1;Local 1;6;ADULTO;2179.094000;11;484.243111
21340;TURMA 767;3-5;TER-QUI;12:45;14:00;150;675.0;1;Local 1;6;ADULTO;814.782000;8;181.062666
21341;TURMA 768;7;SAB;09:00;12:05;185;832.5;6;Local 6;6;ADULTO;7461.066000;14;1658.014666
21344;TURMA 769;2-4;SEG-QUA;18:45;20:00;150;675.0;7;Local 7;15;ADULTO;4926.694000;12;1094.820888
21345;TURMA 770;3-5;TER-QUI;16:00;17:15;150;675.0;9;Local 9;5;ADULTO;2280.392000;4;506.753777
21346;TURMA 771;2-4;SEG-QUA;19:00;20:00;120;540.0;7;Local 7;16;OUTROS;3326.510000;11;739.224444
21348;TURMA 772;2-4;SEG-QUA;12:35;13:35;120;540.0;7;Local 7;10;INFANTIL;2436.612000;4;541.469333
21349;TURMA 773;3-5;TER-QUI;14:20;15:50;180;810.0;6;Local 6;1;PREPARATORIO;6952.162000;9;1544.924888
21351;TURMA 774;3-5;TER-QUI;18:45;20:00;150;675.0;4;Local 4;5;ADULTO;1447.134000;5;321.585333
21354;TURMA 775;7;SAB;09:00;12:05;185;832.5;4;Local 4;6;ADULTO;4166.148000;9;925.810666
21356;TURMA 776;7;SAB;09:00;11:15;135;607.5;6;Local 6;16;OUTROS;4813.258000;15;1069.612888
21357;TURMA 777;3-5;TER-QUI;19:00;20:00;120;540.0;5;Local 5;16;OUTROS;2178.692000;9;484.153777
21358;TURMA 778;6;SEX;14:20;17:35;195;877.5;7;Local 7;1;PREPARATORIO;5500.990000;9;1222.442222
21363;TURMA 779;3-5;TER-QUI;09:00;10:30;180;810.0;6;Local 6;13;INFANTIL;2364.346000;3;525.410222
21366;TURMA 780;6;SEX;14:20;17:35;195;877.5;7;Local 7;12;INFANTIL;8036.070000;11;1785.793333
21369;TURMA 781;2-4;SEG-QUA;12:45;14:00;150;675.0;1;Local 1;6;ADULTO;326.360000;9;72.524444
21370;TURMA 782;2-4;SEG-QUA;20:15;21:30;150;675.0;1;Local 1;6;ADULTO;1507.264000;8;334.947555
21378;TURMA 783;3-5;TER-QUI;18:45;20:00;150;675.0;4;Local 4;5;ADULTO;1480.766000;4;329.059111
21384;TURMA 784;2-4;SEG-QUA;07:30;08:45;150;675.0;4;Local 4;5;ADULTO;791.180000;4;175.817777
21398;TURMA 785;3-5;TER-QUI;18:45;20:00;150;675.0;4;Local 4;6;ADULTO;1275.988000;3;283.552888
21445;TURMA 786;4;QUA;08:15;11:30;195;877.5;8;Local 8;4;INFANTIL;3505.900000;8;779.088888
21446;TURMA 787;2-4;SEG-QUA;12:45;14:00;150;675.0;1;Local 1;5;ADULTO;701.882000;12;155.973777
21447;TURMA 788;3-5;TER-QUI;20:10;21:25;150;675.0;1;Local 1;5;ADULTO;270.092000;10;60.020444
21448;TURMA 789;6;SEX;08:30;11:45;195;877.5;4;Local 4;4;INFANTIL;5246.610000;7;1165.913333
21450;TURMA 790;2-4;SEG-QUA;18:45;20:00;150;675.0;4;Local 4;5;ADULTO;1416.284000;4;314.729777
21454;TURMA 791;2-4;SEG-QUA;18:45;20:00;150;675.0;4;Local 4;5;ADULTO;0.000000;4;0.000000
21455;TURMA 792;7;SAB;09:00;12:05;185;832.5;4;Local 4;5;ADULTO;666.346000;11;148.076888
21460;TURMA 793;2-3-5;SEG-TER-QUI;13:00;14:40;300;1350.0;6;Local 6;3;INFANTIL;5252.504000;5;1167.223111
21462;TURMA 794;7;SAB;10:45;12:15;90;405.0;4;Local 4;20;ADULTO;750.576000;5;166.794666
21463;TURMA 795;2-4;SEG-QUA;20:10;21:10;120;540.0;1;Local 1;16;OUTROS;3931.294000;16;873.620888
21465;TURMA 796;3-5;TER-QUI;16:00;17:15;150;675.0;9;Local 9;5;ADULTO;1295.974000;2;287.994222
21468;TURMA 797;2-4;SEG-QUA;20:10;21:25;150;675.0;1;Local 1;5;ADULTO;561.996000;9;124.888000
21470;TURMA 798;3-5;TER-QUI;07:30;08:45;150;675.0;1;Local 1;6;ADULTO;925.484000;7;205.663111
21474;TURMA 799;3-5;TER-QUI;20:10;21:25;150;675.0;1;Local 1;5;ADULTO;891.908000;9;198.201777
21475;TURMA 800;3;TER;20:10;21:40;90;405.0;1;Local 1;20;ADULTO;501.288000;9;111.397333
21477;TURMA 801;7;SAB;09:00;12:15;195;877.5;4;Local 4;4;INFANTIL;3262.156000;6;724.923555
21478;TURMA 802;3-5;TER-QUI;20:10;21:25;150;675.0;1;Local 1;5;ADULTO;37.020000;9;8.226666
21479;TURMA 803;2-4;SEG-QUA;20:10;21:25;150;675.0;1;Local 1;6;ADULTO;0.000000;5;0.000000
21480;TURMA 804;3-5;TER-QUI;18:45;20:00;150;675.0;4;Local 4;6;ADULTO;533.076000;4;118.461333
21481;TURMA 805;2-4;SEG-QUA;20:10;21:25;150;675.0;1;Local 1;5;ADULTO;770.000000;10;171.111111
21482;TURMA 806;3-5;TER-QUI;07:30;08:45;150;675.0;1;Local 1;5;ADULTO;740.384000;9;164.529777
21483;TURMA 807;7;SAB;09:00;12:15;195;877.5;6;Local 6;4;INFANTIL;4494.912000;7;998.869333
21484;TURMA 808;3-5;TER-QUI;07:30;08:45;150;675.0;1;Local 1;15;ADULTO;1178.812000;5;261.958222
21487;TURMA 809;3-5;TER-QUI;14:20;15:50;180;810.0;7;Local 7;12;INFANTIL;8256.465000;12;1834.770000
21488;TURMA 810;2-4;SEG-QUA;14:20;15:50;180;810.0;5;Local 5;12;INFANTIL;8239.497500;10;1830.999444
21489;TURMA 811;6;SEX;14:20;17:35;195;877.5;7;Local 7;12;INFANTIL;8786.390000;11;1952.531111
21490;TURMA 812;7;SAB;09:00;12:15;195;877.5;4;Local 4;13;INFANTIL;4055.710000;6;901.268888
21491;TURMA 813;2;SEG;19:30;21:30;120;540.0;1;Local 1;18;OUTROS;0.000000;6;0.000000
21492;TURMA 814;7;SAB;09:00;12:05;185;832.5;1;Local 1;5;ADULTO;0.000000;9;0.000000
21493;TURMA 815;7;SAB;09:00;11:15;135;607.5;1;Local 1;17;OUTROS;33.148000;12;7.366222
21494;TURMA 816;7;SAB;09:00;11:15;135;607.5;1;Local 1;17;OUTROS;38.672000;12;8.593777