fitness,origem,tempo_criacao,geracao,individuo,diversidade,obs
9498.858877000008,Geração Inicial,1733625939.5422041,0,"{20639: 52945, 20640: 85669, 20641: 1193, 20642: 686, 20643: 953, 20645: 1391, 20646: 1193, 20647: 686, 20648: 57639, 20650: 58096, 20651: 57639, 20652: 62344, 20653: 1391, 20654: 52945, 20693: 57639, 20698: 85669, 20717: 78631, 20725: 58096, 20759: 1391, 20790: 57639, 20806: 58543, 20820: 85669, 21077: 52945}",19.871264367816092,normal
4686.998876999996,Geração Inicial,1733625939.668974,0,"{20639: 52945, 20640: 1193, 20641: 953, 20642: 62344, 20643: 953, 20645: 85669, 20646: 57639, 20647: 58096, 20648: 686, 20650: 1391, 20651: 58096, 20652: 85669, 20653: 953, 20654: 58096, 20693: 1167, 20698: 85669, 20717: 78631, 20725: 1167, 20759: 52945, 20790: 1540, 20806: 1391, 20820: 57639, 21077: 58543}",19.871264367816092,normal
8652.434877000003,Geração Inicial,1733625939.8242826,0,"{20639: 1193, 20640: 686, 20641: 57639, 20642: 57639, 20643: 953, 20645: 58096, 20646: 58096, 20647: 52945, 20648: 62344, 20650: 1193, 20651: 62344, 20652: 85669, 20653: 85669, 20654: 62344, 20693: 52945, 20698: 57639, 20717: 57639, 20725: 1167, 20759: 1391, 20790: 58543, 20806: 1391, 20820: 52945, 21077: 1193}",19.871264367816092,normal
8892.482877,Geração Inicial,1733625939.9928308,0,"{20639: 953, 20640: 1391, 20641: 1193, 20642: 953, 20643: 1193, 20645: 57639, 20646: 52945, 20647: 58096, 20648: 62344, 20650: 58096, 20651: 57639, 20652: 85669, 20653: 58096, 20654: 57639, 20693: 58096, 20698: 58543, 20717: 58543, 20725: 52945, 20759: 62344, 20790: 1540, 20806: 686, 20820: 85669, 21077: 1193}",19.871264367816092,normal
11178.388876999998,Geração Inicial,1733625940.1145918,0,"{20639: 686, 20640: 1391, 20641: 62344, 20642: 58096, 20643: 57639, 20645: 57639, 20646: 52945, 20647: 953, 20648: 1391, 20650: 85669, 20651: 1391, 20652: 953, 20653: 953, 20654: 1193, 20693: 57639, 20698: 62344, 20717: 58096, 20725: 58543, 20759: 686, 20790: 58543, 20806: 686, 20820: 62344, 21077: 52945}",19.871264367816092,normal
8892.482876999997,Geração Inicial,1733625940.2664223,0,"{20639: 1193, 20640: 57639, 20641: 52945, 20642: 52945, 20643: 58096, 20645: 57639, 20646: 1193, 20647: 1391, 20648: 58096, 20650: 686, 20651: 58096, 20652: 953, 20653: 686, 20654: 1391, 20693: 57639, 20698: 85669, 20717: 57639, 20725: 52945, 20759: 85669, 20790: 58543, 20806: 686, 20820: 62344, 21077: 1540}",19.871264367816092,normal
8615.814877,Geração Inicial,1733625940.3853433,0,"{20639: 1391, 20640: 953, 20641: 686, 20642: 62344, 20643: 1193, 20645: 52945, 20646: 85669, 20647: 85669, 20648: 953, 20650: 686, 20651: 953, 20652: 58096, 20653: 57639, 20654: 52945, 20693: 78631, 20698: 58096, 20717: 52945, 20725: 62344, 20759: 57639, 20790: 1540, 20806: 1391, 20820: 78631, 21077: 1540}",19.871264367816092,normal
6366.528877000001,Geração Inicial,1733625940.510379,0,"{20639: 57639, 20640: 57639, 20641: 85669, 20642: 58096, 20643: 52945, 20645: 1391, 20646: 85669, 20647: 686, 20648: 1193, 20650: 1391, 20651: 85669, 20652: 62344, 20653: 57639, 20654: 1193, 20693: 85669, 20698: 62344, 20717: 1167, 20725: 58543, 20759: 953, 20790: 58543, 20806: 1391, 20820: 52945, 21077: 1540}",19.871264367816092,normal
4686.998876999999,Geração Inicial,1733625940.6195257,0,"{20639: 953, 20640: 1193, 20641: 1193, 20642: 57639, 20643: 686, 20645: 62344, 20646: 62344, 20647: 57639, 20648: 85669, 20650: 953, 20651: 62344, 20652: 52945, 20653: 686, 20654: 85669, 20693: 58543, 20698: 1167, 20717: 78631, 20725: 52945, 20759: 1391, 20790: 58096, 20806: 686, 20820: 1167, 21077: 1540}",19.871264367816092,normal
6366.528877000007,Geração Inicial,1733625940.7287602,0,"{20639: 953, 20640: 58096, 20641: 62344, 20642: 1391, 20643: 686, 20645: 58096, 20646: 57639, 20647: 57639, 20648: 686, 20650: 62344, 20651: 1193, 20652: 52945, 20653: 57639, 20654: 85669, 20693: 58096, 20698: 62344, 20717: 1167, 20725: 52945, 20759: 1193, 20790: 1540, 20806: 686, 20820: 58543, 21077: 1540}",19.871264367816092,normal
10557.380876999992,Geração Inicial,1733625940.8584335,0,"{20639: 62344, 20640: 62344, 20641: 85669, 20642: 57639, 20643: 52945, 20645: 52945, 20646: 686, 20647: 57639, 20648: 953, 20650: 58096, 20651: 52945, 20652: 953, 20653: 57639, 20654: 1193, 20693: 58543, 20698: 62344, 20717: 58096, 20725: 62344, 20759: 85669, 20790: 1540, 20806: 52945, 20820: 58543, 21077: 1193}",19.871264367816092,normal
9498.858877000002,Geração Inicial,1733625940.9860551,0,"{20639: 62344, 20640: 52945, 20641: 1391, 20642: 57639, 20643: 85669, 20645: 57639, 20646: 62344, 20647: 58096, 20648: 686, 20650: 1193, 20651: 58096, 20652: 58096, 20653: 686, 20654: 953, 20693: 58096, 20698: 78631, 20717: 62344, 20725: 58543, 20759: 686, 20790: 58543, 20806: 52945, 20820: 85669, 21077: 52945}",19.871264367816092,normal
8652.434877,Geração Inicial,1733625941.1323972,0,"{20639: 52945, 20640: 1193, 20641: 953, 20642: 1391, 20643: 57639, 20645: 686, 20646: 62344, 20647: 58096, 20648: 62344, 20650: 58096, 20651: 62344, 20652: 953, 20653: 57639, 20654: 85669, 20693: 52945, 20698: 57639, 20717: 58096, 20725: 1167, 20759: 686, 20790: 58543, 20806: 686, 20820: 85669, 21077: 1193}",19.871264367816092,normal
10295.344877,Geração Inicial,1733625941.297457,0,"{20639: 58096, 20640: 1391, 20641: 686, 20642: 953, 20643: 62344, 20645: 85669, 20646: 85669, 20647: 62344, 20648: 1193, 20650: 58096, 20651: 953, 20652: 686, 20653: 62344, 20654: 57639, 20693: 57639, 20698: 62344, 20717: 85669, 20725: 52945, 20759: 52945, 20790: 1193, 20806: 52945, 20820: 58096, 21077: 1540}",19.871264367816092,normal
4686.998877000005,Geração Inicial,1733625941.4299572,0,"{20639: 62344, 20640: 953, 20641: 58096, 20642: 85669, 20643: 1391, 20645: 953, 20646: 62344, 20647: 57639, 20648: 1193, 20650: 57639, 20651: 58096, 20652: 686, 20653: 52945, 20654: 52945, 20693: 57639, 20698: 62344, 20717: 1167, 20725: 78631, 20759: 58096, 20790: 1540, 20806: 52945, 20820: 58543, 21077: 57639}",19.871264367816092,normal
4686.998877000004,Geração Inicial,1733625941.5389163,0,"{20639: 57639, 20640: 1193, 20641: 1391, 20642: 953, 20643: 52945, 20645: 52945, 20646: 58096, 20647: 62344, 20648: 686, 20650: 85669, 20651: 686, 20652: 686, 20653: 52945, 20654: 57639, 20693: 58096, 20698: 85669, 20717: 1167, 20725: 57639, 20759: 1391, 20790: 1540, 20806: 58543, 20820: 78631, 21077: 1540}",19.871264367816092,normal
9498.858876999995,Geração Inicial,1733625941.649746,0,"{20639: 58096, 20640: 686, 20641: 1193, 20642: 52945, 20643: 953, 20645: 85669, 20646: 58096, 20647: 953, 20648: 52945, 20650: 57639, 20651: 686, 20652: 85669, 20653: 62344, 20654: 62344, 20693: 85669, 20698: 52945, 20717: 78631, 20725: 52945, 20759: 1391, 20790: 1193, 20806: 686, 20820: 58543, 21077: 58096}",19.871264367816092,normal
8892.482877,Geração Inicial,1733625941.7766194,0,"{20639: 953, 20640: 1193, 20641: 1193, 20642: 686, 20643: 85669, 20645: 686, 20646: 57639, 20647: 85669, 20648: 1391, 20650: 953, 20651: 57639, 20652: 58096, 20653: 62344, 20654: 52945, 20693: 57639, 20698: 62344, 20717: 58096, 20725: 58543, 20759: 62344, 20790: 1540, 20806: 52945, 20820: 52945, 21077: 1193}",19.871264367816092,normal
8652.434877000002,Geração Inicial,1733625941.9105058,0,"{20639: 62344, 20640: 85669, 20641: 85669, 20642: 1193, 20643: 1391, 20645: 1391, 20646: 62344, 20647: 686, 20648: 1193, 20650: 57639, 20651: 85669, 20652: 58096, 20653: 953, 20654: 953, 20693: 58543, 20698: 57639, 20717: 1167, 20725: 58096, 20759: 52945, 20790: 58543, 20806: 52945, 20820: 57639, 21077: 1193}",19.871264367816092,normal
11178.388877000001,Geração Inicial,1733625942.0426042,0,"{20639: 1391, 20640: 85669, 20641: 686, 20642: 1193, 20643: 953, 20645: 62344, 20646: 57639, 20647: 57639, 20648: 58096, 20650: 58096, 20651: 686, 20652: 62344, 20653: 57639, 20654: 52945, 20693: 57639, 20698: 62344, 20717: 52945, 20725: 58096, 20759: 1391, 20790: 58543, 20806: 58543, 20820: 85669, 21077: 58543}",19.871264367816092,normal
4686.998877000008,Geração Inicial,1733625942.1867278,0,"{20639: 85669, 20640: 1193, 20641: 52945, 20642: 62344, 20643: 1391, 20645: 57639, 20646: 686, 20647: 1193, 20648: 953, 20650: 953, 20651: 58096, 20652: 58096, 20653: 85669, 20654: 85669, 20693: 78631, 20698: 57639, 20717: 1167, 20725: 62344, 20759: 52945, 20790: 58543, 20806: 52945, 20820: 52945, 21077: 1540}",19.871264367816092,normal
8637.802876999998,Geração Inicial,1733625942.3279412,0,"{20639: 686, 20640: 1193, 20641: 953, 20642: 953, 20643: 85669, 20645: 62344, 20646: 57639, 20647: 52945, 20648: 1193, 20650: 62344, 20651: 62344, 20652: 58096, 20653: 52945, 20654: 52945, 20693: 58543, 20698: 62344, 20717: 78631, 20725: 1167, 20759: 686, 20790: 58543, 20806: 52945, 20820: 57639, 21077: 58543}",19.871264367816092,normal
9370.542877000002,Geração Inicial,1733625942.496812,0,"{20639: 1193, 20640: 85669, 20641: 57639, 20642: 953, 20643: 686, 20645: 1391, 20646: 52945, 20647: 953, 20648: 62344, 20650: 62344, 20651: 52945, 20652: 57639, 20653: 686, 20654: 1391, 20693: 57639, 20698: 1167, 20717: 1167, 20725: 62344, 20759: 1193, 20790: 1540, 20806: 52945, 20820: 85669, 21077: 1193}",19.871264367816092,normal
6972.904877000002,Geração Inicial,1733625942.6185403,0,"{20639: 52945, 20640: 57639, 20641: 1391, 20642: 85669, 20643: 953, 20645: 686, 20646: 52945, 20647: 1193, 20648: 57639, 20650: 1193, 20651: 686, 20652: 62344, 20653: 1391, 20654: 686, 20693: 57639, 20698: 78631, 20717: 62344, 20725: 1167, 20759: 58096, 20790: 58543, 20806: 58543, 20820: 58096, 21077: 57639}",19.871264367816092,normal
7212.952877000004,Geração Inicial,1733625942.7145293,0,"{20639: 686, 20640: 1391, 20641: 57639, 20642: 953, 20643: 52945, 20645: 52945, 20646: 85669, 20647: 58096, 20648: 1391, 20650: 57639, 20651: 85669, 20652: 58096, 20653: 62344, 20654: 686, 20693: 57639, 20698: 58096, 20717: 52945, 20725: 78631, 20759: 1193, 20790: 1540, 20806: 58543, 20820: 57639, 21077: 1193}",19.871264367816092,normal
9498.858877,Geração Inicial,1733625942.8269737,0,"{20639: 52945, 20640: 62344, 20641: 58096, 20642: 953, 20643: 686, 20645: 686, 20646: 85669, 20647: 1391, 20648: 57639, 20650: 58096, 20651: 85669, 20652: 1193, 20653: 58096, 20654: 1391, 20693: 58543, 20698: 58096, 20717: 78631, 20725: 62344, 20759: 52945, 20790: 58543, 20806: 1391, 20820: 52945, 21077: 58543}",19.871264367816092,normal
9178.028877000008,Geração Inicial,1733625942.919391,0,"{20639: 52945, 20640: 57639, 20641: 62344, 20642: 1391, 20643: 62344, 20645: 1391, 20646: 58096, 20647: 58096, 20648: 1193, 20650: 1193, 20651: 1391, 20652: 52945, 20653: 1193, 20654: 686, 20693: 85669, 20698: 52945, 20717: 1167, 20725: 85669, 20759: 85669, 20790: 1540, 20806: 58543, 20820: 58096, 21077: 1540}",19.871264367816092,normal
8892.482877,Geração Inicial,1733625943.022356,0,"{20639: 85669, 20640: 85669, 20641: 62344, 20642: 57639, 20643: 52945, 20645: 52945, 20646: 1391, 20647: 58096, 20648: 1391, 20650: 1193, 20651: 58096, 20652: 58096, 20653: 57639, 20654: 953, 20693: 52945, 20698: 57639, 20717: 52945, 20725: 58543, 20759: 62344, 20790: 1540, 20806: 686, 20820: 85669, 21077: 1540}",19.871264367816092,normal
7212.952876999998,Geração Inicial,1733625943.10574,0,"{20639: 1391, 20640: 85669, 20641: 52945, 20642: 1193, 20643: 62344, 20645: 62344, 20646: 686, 20647: 58096, 20648: 686, 20650: 1391, 20651: 686, 20652: 953, 20653: 57639, 20654: 58096, 20693: 85669, 20698: 58543, 20717: 85669, 20725: 78631, 20759: 57639, 20790: 52945, 20806: 1391, 20820: 62344, 21077: 1540}",19.871264367816092,normal
7212.952876999998,Geração Inicial,1733625943.1910243,0,"{20639: 686, 20640: 58096, 20641: 85669, 20642: 1391, 20643: 57639, 20645: 953, 20646: 62344, 20647: 52945, 20648: 57639, 20650: 953, 20651: 953, 20652: 52945, 20653: 52945, 20654: 1193, 20693: 62344, 20698: 58096, 20717: 58543, 20725: 78631, 20759: 85669, 20790: 1540, 20806: 1391, 20820: 57639, 21077: 1540}",19.871264367816092,normal
12843.286876999999,Cruzamento,1733625944.2156317,1,"{20639: 62344, 20640: 62344, 20641: 85669, 20642: 57639, 20643: 52945, 20645: 52945, 20646: 686, 20647: 57639, 20648: 953, 20650: 58096, 20651: 52945, 20652: 953, 20653: 57639, 20654: 1193, 20693: 58543, 20698: 62344, 20717: 58096, 20725: 58543, 20759: 686, 20790: 58543, 20806: 686, 20820: 62344, 21077: 52945}",0.0,filho
8892.482876999999,Cruzamento,1733625944.2156324,1,"{20639: 686, 20640: 1391, 20641: 62344, 20642: 58096, 20643: 57639, 20645: 57639, 20646: 52945, 20647: 953, 20648: 1391, 20650: 85669, 20651: 1391, 20652: 953, 20653: 953, 20654: 1193, 20693: 57639, 20698: 62344, 20717: 58096, 20725: 62344, 20759: 85669, 20790: 1540, 20806: 52945, 20820: 58543, 21077: 1193}",0.0,filho
11178.388877000007,Cruzamento,1733625944.9207544,2,"{20639: 52945, 20640: 85669, 20641: 1193, 20642: 686, 20643: 953, 20645: 1391, 20646: 1193, 20647: 686, 20648: 57639, 20650: 58096, 20651: 57639, 20652: 953, 20653: 953, 20654: 1193, 20693: 57639, 20698: 62344, 20717: 58096, 20725: 58543, 20759: 686, 20790: 58543, 20806: 686, 20820: 62344, 21077: 52945}",0.0,filho
11561.179402,Cruzamento,1733625944.9207554,2,"{20639: 686, 20640: 1391, 20641: 62344, 20642: 58096, 20643: 57639, 20645: 57639, 20646: 52945, 20647: 953, 20648: 1391, 20650: 85669, 20651: 1391, 20652: 62344, 20653: 1391, 20654: 52945, 20693: 57639, 20698: 85669, 20717: 78631, 20725: 58096, 20759: 1391, 20790: 57639, 20806: 58543, 20820: 85669, 21077: 52945}",0.0,filho
9498.858877000008,Cruzamento,1733625945.601261,3,"{20639: 52945, 20640: 85669, 20641: 1193, 20642: 686, 20643: 953, 20645: 1391, 20646: 1193, 20647: 686, 20648: 57639, 20650: 58096, 20651: 57639, 20652: 62344, 20653: 1391, 20654: 52945, 20693: 57639, 20698: 85669, 20717: 78631, 20725: 58096, 20759: 1391, 20790: 57639, 20806: 58543, 20820: 85669, 21077: 1193}",0.0,filho
8892.482877,Cruzamento,1733625945.6012619,3,"{20639: 953, 20640: 1391, 20641: 1193, 20642: 953, 20643: 1193, 20645: 57639, 20646: 52945, 20647: 58096, 20648: 62344, 20650: 58096, 20651: 57639, 20652: 85669, 20653: 58096, 20654: 57639, 20693: 58096, 20698: 58543, 20717: 58543, 20725: 52945, 20759: 62344, 20790: 1540, 20806: 686, 20820: 85669, 21077: 52945}",0.0,filho
11178.388877000001,Cruzamento,1733625946.3098927,4,"{20639: 1391, 20640: 85669, 20641: 686, 20642: 1193, 20643: 953, 20645: 62344, 20646: 57639, 20647: 57639, 20648: 58096, 20650: 58096, 20651: 686, 20652: 62344, 20653: 57639, 20654: 52945, 20693: 57639, 20698: 62344, 20717: 52945, 20725: 58096, 20759: 1391, 20790: 58543, 20806: 58543, 20820: 85669, 21077: 1193}",0.0,filho
8892.482877,Cruzamento,1733625946.3098936,4,"{20639: 953, 20640: 1193, 20641: 1193, 20642: 686, 20643: 85669, 20645: 686, 20646: 57639, 20647: 85669, 20648: 1391, 20650: 953, 20651: 57639, 20652: 58096, 20653: 62344, 20654: 52945, 20693: 57639, 20698: 62344, 20717: 58096, 20725: 58543, 20759: 62344, 20790: 1540, 20806: 52945, 20820: 52945, 21077: 58543}",0.0,filho
10949.465402000005,Cruzamento,1733625947.0169785,5,"{20639: 686, 20640: 1391, 20641: 62344, 20642: 58096, 20643: 57639, 20645: 57639, 20646: 52945, 20647: 953, 20648: 1391, 20650: 85669, 20651: 1391, 20652: 62344, 20653: 1391, 20654: 52945, 20693: 57639, 20698: 62344, 20717: 52945, 20725: 58096, 20759: 1391, 20790: 58543, 20806: 58543, 20820: 85669, 21077: 1193}",0.0,filho
9498.858877000004,Cruzamento,1733625947.0169795,5,"{20639: 1391, 20640: 85669, 20641: 686, 20642: 1193, 20643: 953, 20645: 62344, 20646: 57639, 20647: 57639, 20648: 58096, 20650: 58096, 20651: 686, 20652: 62344, 20653: 57639, 20654: 52945, 20693: 57639, 20698: 85669, 20717: 78631, 20725: 58096, 20759: 1391, 20790: 57639, 20806: 58543, 20820: 85669, 21077: 52945}",0.0,filho
11178.388876999998,Cruzamento,1733625947.7229538,6,"{20639: 52945, 20640: 85669, 20641: 1193, 20642: 686, 20643: 953, 20645: 1391, 20646: 1193, 20647: 686, 20648: 57639, 20650: 58096, 20651: 57639, 20652: 62344, 20653: 1391, 20654: 1193, 20693: 58543, 20698: 62344, 20717: 58096, 20725: 58543, 20759: 686, 20790: 58543, 20806: 686, 20820: 62344, 21077: 52945}",0.0,filho
11790.102877000003,Cruzamento,1733625947.7229548,6,"{20639: 62344, 20640: 62344, 20641: 85669, 20642: 57639, 20643: 52945, 20645: 52945, 20646: 686, 20647: 57639, 20648: 953, 20650: 58096, 20651: 52945, 20652: 953, 20653: 57639, 20654: 52945, 20693: 57639, 20698: 85669, 20717: 78631, 20725: 58096, 20759: 1391, 20790: 57639, 20806: 58543, 20820: 85669, 21077: 52945}",0.0,filho
10295.344877000005,Cruzamento,1733625948.4073787,7,"{20639: 1391, 20640: 85669, 20641: 686, 20642: 1193, 20643: 953, 20645: 62344, 20646: 85669, 20647: 62344, 20648: 1193, 20650: 58096, 20651: 953, 20652: 686, 20653: 62344, 20654: 57639, 20693: 57639, 20698: 62344, 20717: 85669, 20725: 52945, 20759: 52945, 20790: 1193, 20806: 52945, 20820: 58096, 21077: 1540}",0.0,filho
11178.388877000007,Cruzamento,1733625948.4073796,7,"{20639: 58096, 20640: 1391, 20641: 686, 20642: 953, 20643: 62344, 20645: 85669, 20646: 57639, 20647: 57639, 20648: 58096, 20650: 58096, 20651: 686, 20652: 62344, 20653: 57639, 20654: 52945, 20693: 57639, 20698: 62344, 20717: 52945, 20725: 58096, 20759: 1391, 20790: 58543, 20806: 58543, 20820: 85669, 21077: 1193}",0.0,filho
11178.388877000003,Cruzamento,1733625949.0969596,8,"{20639: 62344, 20640: 62344, 20641: 85669, 20642: 953, 20643: 62344, 20645: 85669, 20646: 57639, 20647: 57639, 20648: 58096, 20650: 58096, 20651: 686, 20652: 62344, 20653: 57639, 20654: 52945, 20693: 57639, 20698: 62344, 20717: 52945, 20725: 58096, 20759: 1391, 20790: 58543, 20806: 58543, 20820: 85669, 21077: 1193}",0.0,filho
12926.100876999997,Cruzamento,1733625949.0969605,8,"{20639: 58096, 20640: 1391, 20641: 686, 20642: 57639, 20643: 52945, 20645: 52945, 20646: 686, 20647: 57639, 20648: 953, 20650: 58096, 20651: 52945, 20652: 953, 20653: 57639, 20654: 1193, 20693: 58543, 20698: 62344, 20717: 58096, 20725: 58543, 20759: 686, 20790: 58543, 20806: 686, 20820: 62344, 21077: 52945}",0.0,filho
11178.388877000005,Mutação,1733625949.805203,9,"{20639: 62344, 20640: 62344, 20641: 85669, 20642: 57639, 20643: 85669, 20645: 52945, 20646: 686, 20647: 57639, 20648: 953, 20650: 58096, 20651: 52945, 20652: 62344, 20653: 57639, 20654: 52945, 20693: 57639, 20698: 62344, 20717: 52945, 20725: 58096, 20759: 1391, 20790: 58543, 20806: 58543, 20820: 85669, 21077: 1193}",0.0,filho
13342.862877000005,Mutação,1733625949.805204,9,"{20639: 58096, 20640: 1391, 20641: 686, 20642: 953, 20643: 686, 20645: 85669, 20646: 57639, 20647: 57639, 20648: 58096, 20650: 85669, 20651: 686, 20652: 953, 20653: 57639, 20654: 52945, 20693: 57639, 20698: 85669, 20717: 78631, 20725: 58096, 20759: 1391, 20790: 57639, 20806: 58543, 20820: 85669, 21077: 52945}",0.0,filho
11790.102877000003,Cruzamento,1733625950.5513558,10,"{20639: 62344, 20640: 62344, 20641: 85669, 20642: 57639, 20643: 52945, 20645: 52945, 20646: 686, 20647: 57639, 20648: 953, 20650: 58096, 20651: 52945, 20652: 953, 20653: 57639, 20654: 52945, 20693: 57639, 20698: 85669, 20717: 78631, 20725: 58096, 20759: 1391, 20790: 57639, 20806: 58543, 20820: 85669, 21077: 52945}",0.0,duplicado
12843.286876999999,Cruzamento,1733625950.551357,10,"{20639: 62344, 20640: 62344, 20641: 85669, 20642: 57639, 20643: 52945, 20645: 52945, 20646: 686, 20647: 57639, 20648: 953, 20650: 58096, 20651: 52945, 20652: 953, 20653: 57639, 20654: 1193, 20693: 58543, 20698: 62344, 20717: 58096, 20725: 58543, 20759: 686, 20790: 58543, 20806: 686, 20820: 62344, 21077: 52945}",0.0,duplicado
11178.388877000007,Cruzamento,1733625950.8132021,11,"{20639: 1391, 20640: 85669, 20641: 686, 20642: 1193, 20643: 953, 20645: 62344, 20646: 85669, 20647: 62344, 20648: 1193, 20650: 58096, 20651: 953, 20652: 686, 20653: 62344, 20654: 57639, 20693: 57639, 20698: 62344, 20717: 52945, 20725: 58096, 20759: 1391, 20790: 58543, 20806: 58543, 20820: 85669, 21077: 1193}",0.0,filho
11686.625627000003,Cruzamento,1733625950.813203,11,"{20639: 62344, 20640: 62344, 20641: 85669, 20642: 57639, 20643: 85669, 20645: 52945, 20646: 686, 20647: 57639, 20648: 953, 20650: 58096, 20651: 52945, 20652: 62344, 20653: 57639, 20654: 52945, 20693: 57639, 20698: 62344, 20717: 85669, 20725: 52945, 20759: 52945, 20790: 1193, 20806: 52945, 20820: 58096, 21077: 1540}",0.0,filho
11178.388877000001,Cruzamento,1733625951.4784143,12,"{20639: 62344, 20640: 62344, 20641: 85669, 20642: 57639, 20643: 52945, 20645: 52945, 20646: 686, 20647: 57639, 20648: 953, 20650: 58096, 20651: 52945, 20652: 62344, 20653: 57639, 20654: 52945, 20693: 57639, 20698: 62344, 20717: 52945, 20725: 58096, 20759: 1391, 20790: 58543, 20806: 58543, 20820: 85669, 21077: 1193}",0.0,filho
11790.102877000003,Cruzamento,1733625951.4784153,12,"{20639: 62344, 20640: 62344, 20641: 85669, 20642: 57639, 20643: 85669, 20645: 52945, 20646: 686, 20647: 57639, 20648: 953, 20650: 58096, 20651: 52945, 20652: 953, 20653: 57639, 20654: 52945, 20693: 57639, 20698: 85669, 20717: 78631, 20725: 58096, 20759: 1391, 20790: 57639, 20806: 58543, 20820: 85669, 21077: 52945}",0.0,filho
10557.380876999998,Cruzamento,1733625952.174809,13,"{20639: 62344, 20640: 62344, 20641: 85669, 20642: 57639, 20643: 52945, 20645: 52945, 20646: 686, 20647: 57639, 20648: 953, 20650: 58096, 20651: 52945, 20652: 953, 20653: 57639, 20654: 1193, 20693: 58543, 20698: 62344, 20717: 58096, 20725: 58543, 20759: 686, 20790: 58543, 20806: 686, 20820: 62344, 21077: 1540}",0.0,filho
13616.829202000004,Cruzamento,1733625952.1748102,13,"{20639: 62344, 20640: 62344, 20641: 85669, 20642: 57639, 20643: 85669, 20645: 52945, 20646: 686, 20647: 57639, 20648: 953, 20650: 58096, 20651: 52945, 20652: 62344, 20653: 57639, 20654: 52945, 20693: 57639, 20698: 62344, 20717: 85669, 20725: 52945, 20759: 52945, 20790: 1193, 20806: 52945, 20820: 58096, 21077: 52945}",0.0,filho
11178.388877000001,Cruzamento,1733625953.0099251,14,"{20639: 686, 20640: 1391, 20641: 62344, 20642: 58096, 20643: 57639, 20645: 57639, 20646: 52945, 20647: 953, 20648: 1391, 20650: 85669, 20651: 1391, 20652: 62344, 20653: 1391, 20654: 1193, 20693: 58543, 20698: 62344, 20717: 58096, 20725: 58543, 20759: 686, 20790: 58543, 20806: 686, 20820: 62344, 21077: 52945}",0.0,filho
11790.102877000003,Cruzamento,1733625953.0099263,14,"{20639: 62344, 20640: 62344, 20641: 85669, 20642: 57639, 20643: 52945, 20645: 52945, 20646: 686, 20647: 57639, 20648: 953, 20650: 58096, 20651: 52945, 20652: 953, 20653: 57639, 20654: 52945, 20693: 57639, 20698: 85669, 20717: 78631, 20725: 58096, 20759: 1391, 20790: 57639, 20806: 58543, 20820: 85669, 21077: 52945}",0.0,duplicado
11790.102877000003,Cruzamento,1733625953.7160158,15,"{20639: 62344, 20640: 62344, 20641: 85669, 20642: 57639, 20643: 85669, 20645: 52945, 20646: 686, 20647: 57639, 20648: 953, 20650: 58096, 20651: 52945, 20652: 953, 20653: 57639, 20654: 52945, 20693: 57639, 20698: 85669, 20717: 78631, 20725: 58096, 20759: 1391, 20790: 57639, 20806: 58543, 20820: 85669, 21077: 52945}",0.0,duplicado
12843.286876999999,Cruzamento,1733625953.7160172,15,"{20639: 62344, 20640: 62344, 20641: 85669, 20642: 57639, 20643: 52945, 20645: 52945, 20646: 686, 20647: 57639, 20648: 953, 20650: 58096, 20651: 52945, 20652: 953, 20653: 57639, 20654: 1193, 20693: 58543, 20698: 62344, 20717: 58096, 20725: 58543, 20759: 686, 20790: 58543, 20806: 686, 20820: 62344, 21077: 52945}",0.0,duplicado
12581.250876999999,Mutação,1733625954.1250315,16,"{20639: 62344, 20640: 62344, 20641: 686, 20642: 1391, 20643: 52945, 20645: 52945, 20646: 686, 20647: 57639, 20648: 953, 20650: 58096, 20651: 62344, 20652: 953, 20653: 57639, 20654: 52945, 20693: 57639, 20698: 62344, 20717: 85669, 20725: 52945, 20759: 52945, 20790: 1193, 20806: 686, 20820: 58096, 21077: 52945}",0.0,filho
10317.332876999997,Mutação,1733625954.1250327,16,"{20639: 62344, 20640: 62344, 20641: 85669, 20642: 57639, 20643: 85669, 20645: 52945, 20646: 686, 20647: 57639, 20648: 953, 20650: 58096, 20651: 52945, 20652: 62344, 20653: 57639, 20654: 1193, 20693: 58543, 20698: 1167, 20717: 58096, 20725: 58543, 20759: 686, 20790: 58543, 20806: 686, 20820: 62344, 21077: 52945}",0.0,filho
13469.632877000005,Cruzamento,1733625955.1166763,17,"{20639: 62344, 20640: 62344, 20641: 85669, 20642: 57639, 20643: 85669, 20645: 52945, 20646: 686, 20647: 57639, 20648: 953, 20650: 58096, 20651: 52945, 20652: 62344, 20653: 57639, 20654: 52945, 20693: 57639, 20698: 62344, 20717: 52945, 20725: 58096, 20759: 1391, 20790: 58543, 20806: 58543, 20820: 85669, 21077: 52945}",0.0,filho
11790.102877000003,Cruzamento,1733625956.1320903,18,"{20639: 62344, 20640: 62344, 20641: 85669, 20642: 57639, 20643: 52945, 20645: 52945, 20646: 686, 20647: 57639, 20648: 953, 20650: 58096, 20651: 52945, 20652: 953, 20653: 57639, 20654: 52945, 20693: 57639, 20698: 85669, 20717: 78631, 20725: 58096, 20759: 1391, 20790: 57639, 20806: 58543, 20820: 85669, 21077: 52945}",0.0,duplicado
12843.286876999995,Cruzamento,1733625956.1320922,18,"{20639: 62344, 20640: 62344, 20641: 85669, 20642: 57639, 20643: 85669, 20645: 52945, 20646: 686, 20647: 57639, 20648: 953, 20650: 58096, 20651: 52945, 20652: 953, 20653: 57639, 20654: 1193, 20693: 58543, 20698: 62344, 20717: 58096, 20725: 58543, 20759: 686, 20790: 58543, 20806: 686, 20820: 62344, 21077: 52945}",0.0,filho
15134.530877000001,Cruzamento,1733625956.8711333,19,"{20639: 62344, 20640: 62344, 20641: 85669, 20642: 57639, 20643: 85669, 20645: 52945, 20646: 686, 20647: 57639, 20648: 953, 20650: 58096, 20651: 52945, 20652: 62344, 20653: 57639, 20654: 52945, 20693: 57639, 20698: 62344, 20717: 52945, 20725: 58096, 20759: 686, 20790: 58543, 20806: 686, 20820: 62344, 21077: 52945}",0.0,filho
10949.465402000003,Cruzamento,1733625956.8711348,19,"{20639: 686, 20640: 1391, 20641: 62344, 20642: 58096, 20643: 57639, 20645: 57639, 20646: 52945, 20647: 953, 20648: 1391, 20650: 85669, 20651: 1391, 20652: 62344, 20653: 1391, 20654: 1193, 20693: 58543, 20698: 62344, 20717: 58096, 20725: 58543, 20759: 1391, 20790: 58543, 20806: 58543, 20820: 85669, 21077: 1193}",0.0,filho
13469.632877000005,Cruzamento,1733625957.6498828,20,"{20639: 62344, 20640: 62344, 20641: 85669, 20642: 57639, 20643: 85669, 20645: 52945, 20646: 686, 20647: 57639, 20648: 953, 20650: 58096, 20651: 52945, 20652: 62344, 20653: 57639, 20654: 52945, 20693: 57639, 20698: 62344, 20717: 52945, 20725: 58096, 20759: 1391, 20790: 57639, 20806: 58543, 20820: 85669, 21077: 52945}",0.0,filho
11561.179402000003,Cruzamento,1733625957.649884,20,"{20639: 686, 20640: 1391, 20641: 62344, 20642: 58096, 20643: 57639, 20645: 57639, 20646: 52945, 20647: 953, 20648: 1391, 20650: 85669, 20651: 1391, 20652: 62344, 20653: 1391, 20654: 52945, 20693: 57639, 20698: 85669, 20717: 78631, 20725: 58096, 20759: 1391, 20790: 58543, 20806: 58543, 20820: 85669, 21077: 52945}",0.0,filho
11178.388877000005,Cruzamento,1733625958.3373342,21,"{20639: 62344, 20640: 62344, 20641: 85669, 20642: 57639, 20643: 85669, 20645: 52945, 20646: 686, 20647: 57639, 20648: 953, 20650: 58096, 20651: 52945, 20652: 953, 20653: 57639, 20654: 52945, 20693: 57639, 20698: 62344, 20717: 52945, 20725: 58096, 20759: 1391, 20790: 58543, 20806: 58543, 20820: 85669, 21077: 1193}",0.0,filho
12843.286876999995,Cruzamento,1733625959.010613,22,"{20639: 62344, 20640: 62344, 20641: 85669, 20642: 57639, 20643: 85669, 20645: 52945, 20646: 686, 20647: 57639, 20648: 953, 20650: 58096, 20651: 52945, 20652: 953, 20653: 57639, 20654: 1193, 20693: 58543, 20698: 62344, 20717: 58096, 20725: 58543, 20759: 686, 20790: 58543, 20806: 686, 20820: 62344, 21077: 52945}",0.0,duplicado
11330.923201999998,Cruzamento,1733625959.010614,22,"{20639: 62344, 20640: 62344, 20641: 85669, 20642: 57639, 20643: 52945, 20645: 52945, 20646: 686, 20647: 57639, 20648: 953, 20650: 58096, 20651: 52945, 20652: 62344, 20653: 57639, 20654: 52945, 20693: 57639, 20698: 62344, 20717: 85669, 20725: 52945, 20759: 52945, 20790: 1193, 20806: 52945, 20820: 58096, 21077: 1540}",0.0,filho
14566.138877000009,Cruzamento,1733625959.4434662,23,"{20639: 62344, 20640: 62344, 20641: 85669, 20642: 57639, 20643: 85669, 20645: 57639, 20646: 52945, 20647: 953, 20648: 1391, 20650: 85669, 20651: 1391, 20652: 62344, 20653: 1391, 20654: 52945, 20693: 57639, 20698: 85669, 20717: 78631, 20725: 58096, 20759: 1391, 20790: 57639, 20806: 58543, 20820: 85669, 21077: 52945}",0.0,filho
15217.344877,Cruzamento,1733625959.4434674,23,"{20639: 686, 20640: 1391, 20641: 62344, 20642: 58096, 20643: 57639, 20645: 52945, 20646: 686, 20647: 57639, 20648: 953, 20650: 58096, 20651: 52945, 20652: 62344, 20653: 57639, 20654: 52945, 20693: 57639, 20698: 62344, 20717: 52945, 20725: 58096, 20759: 686, 20790: 58543, 20806: 686, 20820: 62344, 21077: 52945}",0.0,filho
11790.102877000005,Cruzamento,1733625960.1326637,24,"{20639: 686, 20640: 1391, 20641: 62344, 20642: 58096, 20643: 57639, 20645: 57639, 20646: 52945, 20647: 953, 20648: 1391, 20650: 85669, 20651: 1391, 20652: 62344, 20653: 1391, 20654: 52945, 20693: 57639, 20698: 85669, 20717: 78631, 20725: 58543, 20759: 686, 20790: 58543, 20806: 686, 20820: 62344, 21077: 52945}",0.0,filho
11178.388877000001,Cruzamento,1733625960.132665,24,"{20639: 62344, 20640: 62344, 20641: 85669, 20642: 57639, 20643: 52945, 20645: 52945, 20646: 686, 20647: 57639, 20648: 953, 20650: 58096, 20651: 52945, 20652: 953, 20653: 57639, 20654: 1193, 20693: 58543, 20698: 62344, 20717: 58096, 20725: 58096, 20759: 1391, 20790: 58543, 20806: 58543, 20820: 85669, 21077: 52945}",0.0,filho
12843.286876999999,Cruzamento,1733625960.8129144,25,"{20639: 62344, 20640: 62344, 20641: 85669, 20642: 57639, 20643: 85669, 20645: 52945, 20646: 686, 20647: 57639, 20648: 953, 20650: 58096, 20651: 52945, 20652: 62344, 20653: 57639, 20654: 1193, 20693: 58543, 20698: 62344, 20717: 58096, 20725: 58543, 20759: 686, 20790: 58543, 20806: 686, 20820: 62344, 21077: 52945}",0.0,filho
13168.653902000004,Cruzamento,1733625960.8129156,25,"{20639: 62344, 20640: 62344, 20641: 85669, 20642: 57639, 20643: 52945, 20645: 52945, 20646: 686, 20647: 57639, 20648: 953, 20650: 58096, 20651: 52945, 20652: 953, 20653: 57639, 20654: 52945, 20693: 57639, 20698: 62344, 20717: 52945, 20725: 58096, 20759: 1391, 20790: 58543, 20806: 58543, 20820: 85669, 21077: 52945}",0.0,filho
15134.530877000008,Cruzamento,1733625961.5042677,26,"{20639: 62344, 20640: 62344, 20641: 85669, 20642: 57639, 20643: 85669, 20645: 52945, 20646: 686, 20647: 57639, 20648: 953, 20650: 58096, 20651: 52945, 20652: 62344, 20653: 57639, 20654: 52945, 20693: 57639, 20698: 62344, 20717: 52945, 20725: 58096, 20759: 686, 20790: 58543, 20806: 686, 20820: 85669, 21077: 52945}",0.0,filho
13469.632876999998,Cruzamento,1733625961.5042686,26,"{20639: 62344, 20640: 62344, 20641: 85669, 20642: 57639, 20643: 85669, 20645: 52945, 20646: 686, 20647: 57639, 20648: 953, 20650: 58096, 20651: 52945, 20652: 62344, 20653: 57639, 20654: 52945, 20693: 57639, 20698: 62344, 20717: 52945, 20725: 58096, 20759: 1391, 20790: 57639, 20806: 58543, 20820: 62344, 21077: 52945}",0.0,filho
12843.286877000002,Cruzamento,1733625962.2128212,27,"{20639: 62344, 20640: 62344, 20641: 85669, 20642: 57639, 20643: 52945, 20645: 52945, 20646: 686, 20647: 57639, 20648: 953, 20650: 58096, 20651: 52945, 20652: 953, 20653: 57639, 20654: 1193, 20693: 58543, 20698: 62344, 20717: 58096, 20725: 58543, 20759: 686, 20790: 58543, 20806: 686, 20820: 85669, 21077: 52945}",0.0,filho
11790.102877000007,Cruzamento,1733625962.212822,27,"{20639: 58096, 20640: 1391, 20641: 686, 20642: 953, 20643: 686, 20645: 85669, 20646: 57639, 20647: 57639, 20648: 58096, 20650: 85669, 20651: 686, 20652: 953, 20653: 57639, 20654: 52945, 20693: 57639, 20698: 85669, 20717: 78631, 20725: 58096, 20759: 1391, 20790: 57639, 20806: 58543, 20820: 62344, 21077: 52945}",0.0,filho
12843.286876999995,Cruzamento,1733625962.9084866,28,"{20639: 62344, 20640: 62344, 20641: 85669, 20642: 57639, 20643: 85669, 20645: 52945, 20646: 686, 20647: 57639, 20648: 953, 20650: 58096, 20651: 52945, 20652: 953, 20653: 57639, 20654: 1193, 20693: 58543, 20698: 62344, 20717: 58096, 20725: 58543, 20759: 686, 20790: 58543, 20806: 686, 20820: 62344, 21077: 52945}",0.0,duplicado
15134.530877000008,Cruzamento,1733625962.9084878,28,"{20639: 62344, 20640: 62344, 20641: 85669, 20642: 57639, 20643: 85669, 20645: 52945, 20646: 686, 20647: 57639, 20648: 953, 20650: 58096, 20651: 52945, 20652: 62344, 20653: 57639, 20654: 52945, 20693: 57639, 20698: 62344, 20717: 52945, 20725: 58096, 20759: 686, 20790: 58543, 20806: 686, 20820: 85669, 21077: 52945}",0.0,duplicado
11790.102877000007,Cruzamento,1733625963.1230597,29,"{20639: 62344, 20640: 62344, 20641: 85669, 20642: 57639, 20643: 85669, 20645: 52945, 20646: 686, 20647: 57639, 20648: 953, 20650: 58096, 20651: 52945, 20652: 62344, 20653: 57639, 20654: 52945, 20693: 57639, 20698: 62344, 20717: 78631, 20725: 58096, 20759: 1391, 20790: 57639, 20806: 58543, 20820: 85669, 21077: 52945}",0.0,filho
13261.126777000001,Cruzamento,1733625963.123061,29,"{20639: 62344, 20640: 62344, 20641: 85669, 20642: 57639, 20643: 52945, 20645: 52945, 20646: 686, 20647: 57639, 20648: 953, 20650: 58096, 20651: 52945, 20652: 953, 20653: 57639, 20654: 52945, 20693: 57639, 20698: 85669, 20717: 85669, 20725: 52945, 20759: 52945, 20790: 1193, 20806: 52945, 20820: 58096, 21077: 52945}",0.0,filho
14566.138877000009,Cruzamento,1733625963.8357065,30,"{20639: 62344, 20640: 62344, 20641: 85669, 20642: 57639, 20643: 85669, 20645: 57639, 20646: 52945, 20647: 953, 20648: 1391, 20650: 85669, 20651: 1391, 20652: 62344, 20653: 1391, 20654: 52945, 20693: 57639, 20698: 85669, 20717: 78631, 20725: 58096, 20759: 1391, 20790: 57639, 20806: 58543, 20820: 85669, 21077: 52945}",0.0,duplicado
11561.179402,Cruzamento,1733625963.8357074,30,"{20639: 686, 20640: 1391, 20641: 62344, 20642: 58096, 20643: 57639, 20645: 57639, 20646: 52945, 20647: 953, 20648: 1391, 20650: 85669, 20651: 1391, 20652: 62344, 20653: 1391, 20654: 52945, 20693: 57639, 20698: 85669, 20717: 78631, 20725: 58096, 20759: 1391, 20790: 57639, 20806: 58543, 20820: 85669, 21077: 52945}",0.0,duplicado
15217.344877000003,Cruzamento,1733625964.059826,31,"{20639: 686, 20640: 1391, 20641: 62344, 20642: 58096, 20643: 57639, 20645: 52945, 20646: 686, 20647: 57639, 20648: 953, 20650: 58096, 20651: 52945, 20652: 62344, 20653: 57639, 20654: 52945, 20693: 57639, 20698: 62344, 20717: 52945, 20725: 58096, 20759: 686, 20790: 58543, 20806: 686, 20820: 58096, 21077: 52945}",0.0,filho
12581.250877000002,Cruzamento,1733625964.0598266,31,"{20639: 62344, 20640: 62344, 20641: 686, 20642: 1391, 20643: 52945, 20645: 52945, 20646: 686, 20647: 57639, 20648: 953, 20650: 58096, 20651: 62344, 20652: 953, 20653: 57639, 20654: 52945, 20693: 57639, 20698: 62344, 20717: 85669, 20725: 52945, 20759: 52945, 20790: 1193, 20806: 686, 20820: 62344, 21077: 52945}",0.0,filho
13616.829202000004,Cruzamento,1733625964.8213727,32,"{20639: 62344, 20640: 62344, 20641: 85669, 20642: 57639, 20643: 85669, 20645: 52945, 20646: 686, 20647: 57639, 20648: 953, 20650: 58096, 20651: 52945, 20652: 62344, 20653: 57639, 20654: 52945, 20693: 57639, 20698: 62344, 20717: 85669, 20725: 52945, 20759: 52945, 20790: 1193, 20806: 52945, 20820: 58096, 21077: 52945}",0.0,duplicado
13469.632876999998,Cruzamento,1733625964.821374,32,"{20639: 62344, 20640: 62344, 20641: 85669, 20642: 57639, 20643: 85669, 20645: 52945, 20646: 686, 20647: 57639, 20648: 953, 20650: 58096, 20651: 52945, 20652: 62344, 20653: 57639, 20654: 52945, 20693: 57639, 20698: 62344, 20717: 52945, 20725: 58096, 20759: 1391, 20790: 57639, 20806: 58543, 20820: 62344, 21077: 52945}",0.0,duplicado
13168.653902000004,Cruzamento,1733625965.040564,33,"{20639: 62344, 20640: 62344, 20641: 85669, 20642: 57639, 20643: 52945, 20645: 52945, 20646: 686, 20647: 57639, 20648: 953, 20650: 58096, 20651: 52945, 20652: 953, 20653: 57639, 20654: 52945, 20693: 57639, 20698: 62344, 20717: 52945, 20725: 58096, 20759: 1391, 20790: 57639, 20806: 58543, 20820: 85669, 21077: 52945}",0.0,filho
12843.286876999999,Cruzamento,1733625965.040565,33,"{20639: 62344, 20640: 62344, 20641: 85669, 20642: 57639, 20643: 85669, 20645: 52945, 20646: 686, 20647: 57639, 20648: 953, 20650: 58096, 20651: 52945, 20652: 62344, 20653: 57639, 20654: 1193, 20693: 58543, 20698: 62344, 20717: 58096, 20725: 58543, 20759: 686, 20790: 58543, 20806: 686, 20820: 62344, 21077: 52945}",0.0,duplicado
13168.653902000004,Cruzamento,1733625965.5239027,34,"{20639: 62344, 20640: 62344, 20641: 85669, 20642: 57639, 20643: 52945, 20645: 52945, 20646: 686, 20647: 57639, 20648: 953, 20650: 58096, 20651: 52945, 20652: 953, 20653: 57639, 20654: 52945, 20693: 57639, 20698: 62344, 20717: 52945, 20725: 58096, 20759: 1391, 20790: 58543, 20806: 58543, 20820: 85669, 21077: 52945}",0.0,duplicado
12843.286877000002,Cruzamento,1733625965.5239038,34,"{20639: 62344, 20640: 62344, 20641: 85669, 20642: 57639, 20643: 52945, 20645: 52945, 20646: 686, 20647: 57639, 20648: 953, 20650: 58096, 20651: 52945, 20652: 953, 20653: 57639, 20654: 1193, 20693: 58543, 20698: 62344, 20717: 58096, 20725: 58543, 20759: 686, 20790: 58543, 20806: 686, 20820: 85669, 21077: 52945}",0.0,duplicado
14566.138877000009,Cruzamento,1733625965.7601755,35,"{20639: 62344, 20640: 62344, 20641: 85669, 20642: 57639, 20643: 85669, 20645: 57639, 20646: 52945, 20647: 953, 20648: 1391, 20650: 85669, 20651: 1391, 20652: 62344, 20653: 1391, 20654: 52945, 20693: 57639, 20698: 85669, 20717: 78631, 20725: 58096, 20759: 1391, 20790: 57639, 20806: 58543, 20820: 85669, 21077: 52945}",0.0,duplicado
13342.862877000005,Cruzamento,1733625965.7601764,35,"{20639: 58096, 20640: 1391, 20641: 686, 20642: 953, 20643: 686, 20645: 85669, 20646: 57639, 20647: 57639, 20648: 58096, 20650: 85669, 20651: 686, 20652: 953, 20653: 57639, 20654: 52945, 20693: 57639, 20698: 85669, 20717: 78631, 20725: 58096, 20759: 1391, 20790: 57639, 20806: 58543, 20820: 85669, 21077: 52945}",0.0,duplicado
14833.551902000007,Cruzamento,1733625965.9863384,36,"{20639: 62344, 20640: 62344, 20641: 85669, 20642: 57639, 20643: 52945, 20645: 52945, 20646: 686, 20647: 57639, 20648: 953, 20650: 58096, 20651: 52945, 20652: 953, 20653: 57639, 20654: 52945, 20693: 57639, 20698: 62344, 20717: 52945, 20725: 58096, 20759: 686, 20790: 58543, 20806: 686, 20820: 85669, 21077: 52945}",0.0,filho
13469.632877000005,Cruzamento,1733625965.986339,36,"{20639: 62344, 20640: 62344, 20641: 85669, 20642: 57639, 20643: 85669, 20645: 52945, 20646: 686, 20647: 57639, 20648: 953, 20650: 58096, 20651: 52945, 20652: 62344, 20653: 57639, 20654: 52945, 20693: 57639, 20698: 62344, 20717: 52945, 20725: 58096, 20759: 1391, 20790: 57639, 20806: 58543, 20820: 85669, 21077: 52945}",0.0,duplicado
15217.344877000003,Cruzamento,1733625966.447326,37,"{20639: 686, 20640: 1391, 20641: 62344, 20642: 58096, 20643: 57639, 20645: 52945, 20646: 686, 20647: 57639, 20648: 953, 20650: 58096, 20651: 52945, 20652: 62344, 20653: 57639, 20654: 52945, 20693: 57639, 20698: 62344, 20717: 52945, 20725: 58096, 20759: 686, 20790: 58543, 20806: 686, 20820: 58096, 21077: 52945}",0.0,duplicado
15217.344877,Cruzamento,1733625966.447327,37,"{20639: 686, 20640: 1391, 20641: 62344, 20642: 58096, 20643: 57639, 20645: 52945, 20646: 686, 20647: 57639, 20648: 953, 20650: 58096, 20651: 52945, 20652: 62344, 20653: 57639, 20654: 52945, 20693: 57639, 20698: 62344, 20717: 52945, 20725: 58096, 20759: 686, 20790: 58543, 20806: 686, 20820: 62344, 21077: 52945}",0.0,duplicado
14601.602877000005,Cruzamento,1733625966.688346,38,"{20639: 62344, 20640: 62344, 20641: 85669, 20642: 57639, 20643: 52945, 20645: 52945, 20646: 686, 20647: 57639, 20648: 1391, 20650: 85669, 20651: 1391, 20652: 62344, 20653: 1391, 20654: 52945, 20693: 57639, 20698: 85669, 20717: 78631, 20725: 58096, 20759: 1391, 20790: 57639, 20806: 58543, 20820: 85669, 21077: 52945}",0.0,filho
16392.865201999997,Cruzamento,1733625966.688347,38,"{20639: 62344, 20640: 62344, 20641: 85669, 20642: 57639, 20643: 85669, 20645: 57639, 20646: 52945, 20647: 953, 20648: 953, 20650: 58096, 20651: 52945, 20652: 953, 20653: 57639, 20654: 52945, 20693: 57639, 20698: 85669, 20717: 85669, 20725: 52945, 20759: 52945, 20790: 1193, 20806: 52945, 20820: 58096, 21077: 52945}",0.0,filho
15134.530877000005,Cruzamento,1733625967.5397065,39,"{20639: 62344, 20640: 62344, 20641: 85669, 20642: 57639, 20643: 85669, 20645: 52945, 20646: 686, 20647: 57639, 20648: 953, 20650: 58096, 20651: 52945, 20652: 62344, 20653: 57639, 20654: 52945, 20693: 57639, 20698: 62344, 20717: 52945, 20725: 58096, 20759: 686, 20790: 58543, 20806: 686, 20820: 58096, 21077: 52945}",0.0,filho
15217.344877,Cruzamento,1733625967.5397074,39,"{20639: 686, 20640: 1391, 20641: 62344, 20642: 58096, 20643: 57639, 20645: 52945, 20646: 686, 20647: 57639, 20648: 953, 20650: 58096, 20651: 52945, 20652: 62344, 20653: 57639, 20654: 52945, 20693: 57639, 20698: 62344, 20717: 52945, 20725: 58096, 20759: 686, 20790: 58543, 20806: 686, 20820: 62344, 21077: 52945}",0.0,duplicado
13469.632876999998,Mutação,1733625968.1262798,40,"{20639: 686, 20640: 1391, 20641: 62344, 20642: 58096, 20643: 57639, 20645: 52945, 20646: 686, 20647: 57639, 20648: 953, 20650: 58096, 20651: 52945, 20652: 62344, 20653: 57639, 20654: 52945, 20693: 58543, 20698: 62344, 20717: 52945, 20725: 58096, 20759: 686, 20790: 58543, 20806: 686, 20820: 85669, 21077: 52945}",0.0,filho
13469.632877,Cruzamento,1733625969.1132336,41,"{20639: 58096, 20640: 1391, 20641: 686, 20642: 953, 20643: 686, 20645: 85669, 20646: 57639, 20647: 57639, 20648: 953, 20650: 58096, 20651: 52945, 20652: 62344, 20653: 57639, 20654: 52945, 20693: 58543, 20698: 62344, 20717: 52945, 20725: 58096, 20759: 686, 20790: 58543, 20806: 686, 20820: 85669, 21077: 52945}",0.0,filho
11790.102877000005,Cruzamento,1733625969.1132376,41,"{20639: 686, 20640: 1391, 20641: 62344, 20642: 58096, 20643: 57639, 20645: 52945, 20646: 686, 20647: 57639, 20648: 58096, 20650: 85669, 20651: 686, 20652: 953, 20653: 57639, 20654: 52945, 20693: 57639, 20698: 85669, 20717: 78631, 20725: 58096, 20759: 1391, 20790: 57639, 20806: 58543, 20820: 85669, 21077: 52945}",0.0,filho
15217.344877000003,Cruzamento,1733625970.0568538,42,"{20639: 686, 20640: 1391, 20641: 62344, 20642: 58096, 20643: 57639, 20645: 52945, 20646: 686, 20647: 57639, 20648: 953, 20650: 58096, 20651: 52945, 20652: 62344, 20653: 57639, 20654: 52945, 20693: 57639, 20698: 62344, 20717: 52945, 20725: 58096, 20759: 686, 20790: 58543, 20806: 686, 20820: 58096, 21077: 52945}",0.0,duplicado
15217.344877,Cruzamento,1733625970.056855,42,"{20639: 686, 20640: 1391, 20641: 62344, 20642: 58096, 20643: 57639, 20645: 52945, 20646: 686, 20647: 57639, 20648: 953, 20650: 58096, 20651: 52945, 20652: 62344, 20653: 57639, 20654: 52945, 20693: 57639, 20698: 62344, 20717: 52945, 20725: 58096, 20759: 686, 20790: 58543, 20806: 686, 20820: 62344, 21077: 52945}",0.0,duplicado
14601.602877000005,Cruzamento,1733625970.3600667,43,"{20639: 62344, 20640: 62344, 20641: 85669, 20642: 57639, 20643: 52945, 20645: 52945, 20646: 686, 20647: 57639, 20648: 1391, 20650: 85669, 20651: 1391, 20652: 62344, 20653: 1391, 20654: 52945, 20693: 57639, 20698: 85669, 20717: 78631, 20725: 58096, 20759: 1391, 20790: 57639, 20806: 58543, 20820: 85669, 21077: 52945}",0.0,duplicado
13469.632877000005,Cruzamento,1733625970.3600678,43,"{20639: 62344, 20640: 62344, 20641: 85669, 20642: 57639, 20643: 85669, 20645: 52945, 20646: 686, 20647: 57639, 20648: 953, 20650: 58096, 20651: 52945, 20652: 62344, 20653: 57639, 20654: 52945, 20693: 57639, 20698: 62344, 20717: 52945, 20725: 58096, 20759: 1391, 20790: 58543, 20806: 58543, 20820: 85669, 21077: 52945}",0.0,duplicado
16392.865201999997,Cruzamento,1733625970.6920726,44,"{20639: 62344, 20640: 62344, 20641: 85669, 20642: 57639, 20643: 85669, 20645: 57639, 20646: 52945, 20647: 953, 20648: 953, 20650: 58096, 20651: 52945, 20652: 953, 20653: 57639, 20654: 52945, 20693: 57639, 20698: 85669, 20717: 85669, 20725: 52945, 20759: 52945, 20790: 1193, 20806: 52945, 20820: 58096, 21077: 52945}",0.0,duplicado
15134.530877000008,Cruzamento,1733625970.6920743,44,"{20639: 62344, 20640: 62344, 20641: 85669, 20642: 57639, 20643: 85669, 20645: 52945, 20646: 686, 20647: 57639, 20648: 953, 20650: 58096, 20651: 52945, 20652: 62344, 20653: 57639, 20654: 52945, 20693: 57639, 20698: 62344, 20717: 52945, 20725: 58096, 20759: 686, 20790: 58543, 20806: 686, 20820: 85669, 21077: 52945}",0.0,duplicado
15134.530877000008,Cruzamento,1733625970.995442,45,"{20639: 62344, 20640: 62344, 20641: 85669, 20642: 57639, 20643: 85669, 20645: 52945, 20646: 686, 20647: 57639, 20648: 953, 20650: 58096, 20651: 52945, 20652: 62344, 20653: 57639, 20654: 52945, 20693: 57639, 20698: 62344, 20717: 52945, 20725: 58096, 20759: 686, 20790: 58543, 20806: 686, 20820: 85669, 21077: 52945}",0.0,duplicado
14833.551902000007,Cruzamento,1733625970.9954429,45,"{20639: 62344, 20640: 62344, 20641: 85669, 20642: 57639, 20643: 52945, 20645: 52945, 20646: 686, 20647: 57639, 20648: 953, 20650: 58096, 20651: 52945, 20652: 953, 20653: 57639, 20654: 52945, 20693: 57639, 20698: 62344, 20717: 52945, 20725: 58096, 20759: 686, 20790: 58543, 20806: 686, 20820: 58096, 21077: 52945}",0.0,filho
15134.530877000008,Cruzamento,1733625971.6639566,46,"{20639: 62344, 20640: 62344, 20641: 85669, 20642: 57639, 20643: 85669, 20645: 52945, 20646: 686, 20647: 57639, 20648: 953, 20650: 58096, 20651: 52945, 20652: 62344, 20653: 57639, 20654: 52945, 20693: 57639, 20698: 62344, 20717: 52945, 20725: 58096, 20759: 686, 20790: 58543, 20806: 686, 20820: 85669, 21077: 52945}",0.0,duplicado
15134.530877000005,Cruzamento,1733625971.6639576,46,"{20639: 62344, 20640: 62344, 20641: 85669, 20642: 57639, 20643: 85669, 20645: 52945, 20646: 686, 20647: 57639, 20648: 953, 20650: 58096, 20651: 52945, 20652: 62344, 20653: 57639, 20654: 52945, 20693: 57639, 20698: 62344, 20717: 52945, 20725: 58096, 20759: 686, 20790: 58543, 20806: 686, 20820: 58096, 21077: 52945}",0.0,duplicado
16392.865202,Mutação,1733625971.9162514,47,"{20639: 62344, 20640: 62344, 20641: 85669, 20642: 57639, 20643: 85669, 20645: 57639, 20646: 52945, 20647: 953, 20648: 953, 20650: 58096, 20651: 52945, 20652: 953, 20653: 57639, 20654: 52945, 20693: 57639, 20698: 85669, 20717: 58096, 20725: 52945, 20759: 52945, 20790: 1193, 20806: 52945, 20820: 62344, 21077: 52945}",0.0,filho
13168.653902000002,Mutação,1733625972.635395,48,"{20639: 62344, 20640: 62344, 20641: 686, 20642: 57639, 20643: 52945, 20645: 52945, 20646: 686, 20647: 57639, 20648: 953, 20650: 58096, 20651: 52945, 20652: 953, 20653: 57639, 20654: 52945, 20693: 57639, 20698: 62344, 20717: 52945, 20725: 58096, 20759: 1391, 20790: 58543, 20806: 58543, 20820: 85669, 21077: 52945}",0.0,filho
15134.530876999997,Cruzamento,1733625973.3772244,49,"{20639: 62344, 20640: 62344, 20641: 85669, 20642: 58096, 20643: 57639, 20645: 52945, 20646: 686, 20647: 57639, 20648: 953, 20650: 58096, 20651: 52945, 20652: 62344, 20653: 57639, 20654: 52945, 20693: 57639, 20698: 62344, 20717: 52945, 20725: 58096, 20759: 686, 20790: 58543, 20806: 686, 20820: 62344, 21077: 52945}",0.0,filho
13168.653902000005,Cruzamento,1733625973.3772252,49,"{20639: 686, 20640: 1391, 20641: 62344, 20642: 57639, 20643: 52945, 20645: 52945, 20646: 686, 20647: 57639, 20648: 953, 20650: 58096, 20651: 52945, 20652: 953, 20653: 57639, 20654: 52945, 20693: 57639, 20698: 62344, 20717: 52945, 20725: 58096, 20759: 686, 20790: 58543, 20806: 686, 20820: 85669, 21077: 52945}",0.0,filho
15134.530877000001,Cruzamento,1733625974.1659806,50,"{20639: 62344, 20640: 62344, 20641: 85669, 20642: 57639, 20643: 85669, 20645: 52945, 20646: 686, 20647: 57639, 20648: 953, 20650: 58096, 20651: 52945, 20652: 62344, 20653: 57639, 20654: 52945, 20693: 57639, 20698: 62344, 20717: 52945, 20725: 58096, 20759: 686, 20790: 58543, 20806: 686, 20820: 62344, 21077: 52945}",0.0,duplicado
15217.344877000003,Cruzamento,1733625974.1659818,50,"{20639: 686, 20640: 1391, 20641: 62344, 20642: 58096, 20643: 57639, 20645: 52945, 20646: 686, 20647: 57639, 20648: 953, 20650: 58096, 20651: 52945, 20652: 62344, 20653: 57639, 20654: 52945, 20693: 57639, 20698: 62344, 20717: 52945, 20725: 58096, 20759: 686, 20790: 58543, 20806: 686, 20820: 58096, 21077: 52945}",0.0,duplicado
16245.668877000002,Mutação,1733625974.3939748,51,"{20639: 62344, 20640: 62344, 20641: 85669, 20642: 57639, 20643: 85669, 20645: 57639, 20646: 52945, 20647: 953, 20648: 953, 20650: 58096, 20651: 52945, 20652: 953, 20653: 57639, 20654: 52945, 20693: 57639, 20698: 85669, 20717: 85669, 20725: 52945, 20759: 1391, 20790: 57639, 20806: 58543, 20820: 85669, 21077: 52945}",0.0,filho
16392.865201999997,Cruzamento,1733625975.103285,52,"{20639: 62344, 20640: 62344, 20641: 85669, 20642: 57639, 20643: 85669, 20645: 57639, 20646: 52945, 20647: 953, 20648: 953, 20650: 58096, 20651: 52945, 20652: 953, 20653: 57639, 20654: 52945, 20693: 57639, 20698: 85669, 20717: 85669, 20725: 52945, 20759: 52945, 20790: 1193, 20806: 52945, 20820: 58096, 21077: 52945}",0.0,duplicado
16392.865202,Cruzamento,1733625975.103286,52,"{20639: 62344, 20640: 62344, 20641: 85669, 20642: 57639, 20643: 85669, 20645: 57639, 20646: 52945, 20647: 953, 20648: 953, 20650: 58096, 20651: 52945, 20652: 953, 20653: 57639, 20654: 52945, 20693: 57639, 20698: 85669, 20717: 58096, 20725: 52945, 20759: 52945, 20790: 1193, 20806: 52945, 20820: 62344, 21077: 52945}",0.0,duplicado
13168.653902,Cruzamento,1733625975.3241525,53,"{20639: 62344, 20640: 62344, 20641: 85669, 20642: 58096, 20643: 57639, 20645: 52945, 20646: 686, 20647: 57639, 20648: 953, 20650: 58096, 20651: 52945, 20652: 62344, 20653: 57639, 20654: 52945, 20693: 57639, 20698: 62344, 20717: 52945, 20725: 52945, 20759: 1391, 20790: 57639, 20806: 58543, 20820: 85669, 21077: 52945}",0.0,filho
15134.530877000001,Cruzamento,1733625975.3241537,53,"{20639: 62344, 20640: 62344, 20641: 85669, 20642: 57639, 20643: 85669, 20645: 57639, 20646: 52945, 20647: 953, 20648: 953, 20650: 58096, 20651: 52945, 20652: 953, 20653: 57639, 20654: 52945, 20693: 57639, 20698: 85669, 20717: 85669, 20725: 58096, 20759: 686, 20790: 58543, 20806: 686, 20820: 62344, 21077: 52945}",0.0,filho
15134.530877000001,Cruzamento,1733625976.0017078,54,"{20639: 62344, 20640: 62344, 20641: 85669, 20642: 57639, 20643: 85669, 20645: 52945, 20646: 686, 20647: 57639, 20648: 953, 20650: 58096, 20651: 52945, 20652: 62344, 20653: 57639, 20654: 52945, 20693: 57639, 20698: 62344, 20717: 52945, 20725: 58096, 20759: 686, 20790: 58543, 20806: 686, 20820: 62344, 21077: 52945}",0.0,duplicado
15134.530877000001,Cruzamento,1733625976.001709,54,"{20639: 62344, 20640: 62344, 20641: 85669, 20642: 58096, 20643: 57639, 20645: 52945, 20646: 686, 20647: 57639, 20648: 953, 20650: 58096, 20651: 52945, 20652: 62344, 20653: 57639, 20654: 52945, 20693: 57639, 20698: 62344, 20717: 52945, 20725: 58096, 20759: 686, 20790: 58543, 20806: 686, 20820: 58096, 21077: 52945}",0.0,filho
14601.602877000001,Cruzamento,1733625976.4389977,55,"{20639: 62344, 20640: 62344, 20641: 85669, 20642: 57639, 20643: 52945, 20645: 52945, 20646: 686, 20647: 57639, 20648: 1391, 20650: 85669, 20651: 1391, 20652: 62344, 20653: 1391, 20654: 52945, 20693: 57639, 20698: 85669, 20717: 78631, 20725: 58096, 20759: 1391, 20790: 57639, 20806: 58543, 20820: 62344, 21077: 52945}",0.0,filho
15134.530877000001,Cruzamento,1733625976.438999,55,"{20639: 62344, 20640: 62344, 20641: 85669, 20642: 57639, 20643: 85669, 20645: 57639, 20646: 52945, 20647: 953, 20648: 953, 20650: 58096, 20651: 52945, 20652: 953, 20653: 57639, 20654: 52945, 20693: 57639, 20698: 85669, 20717: 85669, 20725: 58096, 20759: 686, 20790: 58543, 20806: 686, 20820: 85669, 21077: 52945}",0.0,filho
15134.530876999997,Cruzamento,1733625977.1366096,56,"{20639: 62344, 20640: 62344, 20641: 85669, 20642: 57639, 20643: 85669, 20645: 57639, 20646: 52945, 20647: 953, 20648: 953, 20650: 58096, 20651: 52945, 20652: 953, 20653: 57639, 20654: 52945, 20693: 57639, 20698: 62344, 20717: 52945, 20725: 58096, 20759: 686, 20790: 58543, 20806: 686, 20820: 58096, 21077: 52945}",0.0,filho
13616.829202,Cruzamento,1733625977.136611,56,"{20639: 62344, 20640: 62344, 20641: 85669, 20642: 58096, 20643: 57639, 20645: 52945, 20646: 686, 20647: 57639, 20648: 953, 20650: 58096, 20651: 52945, 20652: 62344, 20653: 57639, 20654: 52945, 20693: 57639, 20698: 85669, 20717: 58096, 20725: 52945, 20759: 52945, 20790: 1193, 20806: 52945, 20820: 62344, 21077: 52945}",0.0,filho
16281.132877,Cruzamento,1733625977.8273475,57,"{20639: 62344, 20640: 62344, 20641: 85669, 20642: 57639, 20643: 52945, 20645: 52945, 20646: 686, 20647: 57639, 20648: 1391, 20650: 85669, 20651: 1391, 20652: 62344, 20653: 1391, 20654: 52945, 20693: 57639, 20698: 62344, 20717: 52945, 20725: 58096, 20759: 686, 20790: 58543, 20806: 686, 20820: 58096, 21077: 52945}",0.0,filho
16392.865202,Cruzamento,1733625978.5049987,58,"{20639: 62344, 20640: 62344, 20641: 85669, 20642: 57639, 20643: 85669, 20645: 57639, 20646: 52945, 20647: 953, 20648: 953, 20650: 58096, 20651: 52945, 20652: 953, 20653: 57639, 20654: 52945, 20693: 57639, 20698: 85669, 20717: 58096, 20725: 52945, 20759: 52945, 20790: 1193, 20806: 52945, 20820: 62344, 21077: 52945}",0.0,duplicado
15134.530876999997,Cruzamento,1733625978.5049996,58,"{20639: 62344, 20640: 62344, 20641: 85669, 20642: 57639, 20643: 85669, 20645: 57639, 20646: 52945, 20647: 953, 20648: 953, 20650: 58096, 20651: 52945, 20652: 953, 20653: 57639, 20654: 52945, 20693: 57639, 20698: 62344, 20717: 52945, 20725: 58096, 20759: 686, 20790: 58543, 20806: 686, 20820: 58096, 21077: 52945}",0.0,duplicado
15134.530876999997,Cruzamento,1733625978.7373629,59,"{20639: 62344, 20640: 62344, 20641: 85669, 20642: 57639, 20643: 85669, 20645: 57639, 20646: 52945, 20647: 953, 20648: 953, 20650: 58096, 20651: 52945, 20652: 953, 20653: 57639, 20654: 52945, 20693: 57639, 20698: 62344, 20717: 52945, 20725: 58096, 20759: 686, 20790: 58543, 20806: 686, 20820: 58096, 21077: 52945}",0.0,duplicado
16392.865202,Cruzamento,1733625978.7373645,59,"{20639: 62344, 20640: 62344, 20641: 85669, 20642: 57639, 20643: 85669, 20645: 57639, 20646: 52945, 20647: 953, 20648: 953, 20650: 58096, 20651: 52945, 20652: 953, 20653: 57639, 20654: 52945, 20693: 57639, 20698: 85669, 20717: 58096, 20725: 52945, 20759: 52945, 20790: 1193, 20806: 52945, 20820: 62344, 21077: 52945}",0.0,duplicado
16245.668877000002,Cruzamento,1733625978.9695528,60,"{20639: 62344, 20640: 62344, 20641: 85669, 20642: 57639, 20643: 85669, 20645: 57639, 20646: 52945, 20647: 953, 20648: 953, 20650: 58096, 20651: 52945, 20652: 953, 20653: 57639, 20654: 52945, 20693: 57639, 20698: 85669, 20717: 85669, 20725: 52945, 20759: 1391, 20790: 57639, 20806: 58543, 20820: 85669, 21077: 52945}",0.0,duplicado
16392.865201999997,Cruzamento,1733625978.969554,60,"{20639: 62344, 20640: 62344, 20641: 85669, 20642: 57639, 20643: 85669, 20645: 57639, 20646: 52945, 20647: 953, 20648: 953, 20650: 58096, 20651: 52945, 20652: 953, 20653: 57639, 20654: 52945, 20693: 57639, 20698: 85669, 20717: 85669, 20725: 52945, 20759: 52945, 20790: 1193, 20806: 52945, 20820: 58096, 21077: 52945}",0.0,duplicado
15134.530877000001,Cruzamento,1733625979.1908784,61,"{20639: 62344, 20640: 62344, 20641: 85669, 20642: 57639, 20643: 85669, 20645: 52945, 20646: 686, 20647: 57639, 20648: 953, 20650: 58096, 20651: 52945, 20652: 62344, 20653: 57639, 20654: 52945, 20693: 57639, 20698: 62344, 20717: 52945, 20725: 58096, 20759: 686, 20790: 58543, 20806: 686, 20820: 62344, 21077: 52945}",0.0,duplicado
15134.530876999997,Cruzamento,1733625979.19088,61,"{20639: 62344, 20640: 62344, 20641: 85669, 20642: 57639, 20643: 85669, 20645: 57639, 20646: 52945, 20647: 953, 20648: 953, 20650: 58096, 20651: 52945, 20652: 953, 20653: 57639, 20654: 52945, 20693: 57639, 20698: 62344, 20717: 52945, 20725: 58096, 20759: 686, 20790: 58543, 20806: 686, 20820: 58096, 21077: 52945}",0.0,duplicado
15134.530877000001,Cruzamento,1733625979.4188056,62,"{20639: 62344, 20640: 62344, 20641: 85669, 20642: 58096, 20643: 57639, 20645: 52945, 20646: 686, 20647: 57639, 20648: 953, 20650: 58096, 20651: 52945, 20652: 62344, 20653: 57639, 20654: 52945, 20693: 57639, 20698: 62344, 20717: 52945, 20725: 58096, 20759: 686, 20790: 58543, 20806: 686, 20820: 58096, 21077: 52945}",0.0,duplicado
15217.344877000003,Cruzamento,1733625979.4188066,62,"{20639: 686, 20640: 1391, 20641: 62344, 20642: 58096, 20643: 57639, 20645: 52945, 20646: 686, 20647: 57639, 20648: 953, 20650: 58096, 20651: 52945, 20652: 62344, 20653: 57639, 20654: 52945, 20693: 57639, 20698: 62344, 20717: 52945, 20725: 58096, 20759: 686, 20790: 58543, 20806: 686, 20820: 58096, 21077: 52945}",0.0,duplicado
15134.530877000001,Cruzamento,1733625979.6751497,63,"{20639: 62344, 20640: 62344, 20641: 85669, 20642: 57639, 20643: 85669, 20645: 52945, 20646: 686, 20647: 57639, 20648: 953, 20650: 58096, 20651: 52945, 20652: 62344, 20653: 57639, 20654: 52945, 20693: 57639, 20698: 62344, 20717: 52945, 20725: 58096, 20759: 686, 20790: 58543, 20806: 686, 20820: 62344, 21077: 52945}",0.0,duplicado
13469.632877,Cruzamento,1733625979.6751509,63,"{20639: 686, 20640: 1391, 20641: 62344, 20642: 58096, 20643: 57639, 20645: 52945, 20646: 686, 20647: 57639, 20648: 953, 20650: 58096, 20651: 52945, 20652: 62344, 20653: 57639, 20654: 52945, 20693: 57639, 20698: 62344, 20717: 52945, 20725: 58096, 20759: 1391, 20790: 58543, 20806: 58543, 20820: 85669, 21077: 52945}",0.0,filho
13616.829202,Cruzamento,1733625980.1182663,64,"{20639: 62344, 20640: 62344, 20641: 85669, 20642: 58096, 20643: 57639, 20645: 52945, 20646: 686, 20647: 57639, 20648: 953, 20650: 58096, 20651: 52945, 20652: 62344, 20653: 57639, 20654: 52945, 20693: 57639, 20698: 85669, 20717: 58096, 20725: 52945, 20759: 52945, 20790: 1193, 20806: 52945, 20820: 62344, 21077: 52945}",0.0,duplicado
16392.865202,Cruzamento,1733625980.1182673,64,"{20639: 62344, 20640: 62344, 20641: 85669, 20642: 57639, 20643: 85669, 20645: 57639, 20646: 52945, 20647: 953, 20648: 953, 20650: 58096, 20651: 52945, 20652: 953, 20653: 57639, 20654: 52945, 20693: 57639, 20698: 85669, 20717: 58096, 20725: 52945, 20759: 52945, 20790: 1193, 20806: 52945, 20820: 62344, 21077: 52945}",0.0,duplicado
16245.668877000002,Cruzamento,1733625980.3352253,65,"{20639: 62344, 20640: 62344, 20641: 85669, 20642: 57639, 20643: 85669, 20645: 57639, 20646: 52945, 20647: 953, 20648: 953, 20650: 58096, 20651: 52945, 20652: 953, 20653: 57639, 20654: 52945, 20693: 57639, 20698: 85669, 20717: 85669, 20725: 52945, 20759: 1391, 20790: 57639, 20806: 58543, 20820: 85669, 21077: 52945}",0.0,duplicado
16392.865202,Cruzamento,1733625980.3352265,65,"{20639: 62344, 20640: 62344, 20641: 85669, 20642: 57639, 20643: 85669, 20645: 57639, 20646: 52945, 20647: 953, 20648: 953, 20650: 58096, 20651: 52945, 20652: 953, 20653: 57639, 20654: 52945, 20693: 57639, 20698: 85669, 20717: 58096, 20725: 52945, 20759: 52945, 20790: 1193, 20806: 52945, 20820: 62344, 21077: 52945}",0.0,duplicado
15134.530876999994,Cruzamento,1733625980.5540683,66,"{20639: 62344, 20640: 62344, 20641: 85669, 20642: 57639, 20643: 85669, 20645: 57639, 20646: 52945, 20647: 953, 20648: 953, 20650: 58096, 20651: 52945, 20652: 953, 20653: 57639, 20654: 52945, 20693: 57639, 20698: 62344, 20717: 52945, 20725: 58096, 20759: 686, 20790: 58543, 20806: 686, 20820: 62344, 21077: 52945}",0.0,filho
13616.829202000004,Cruzamento,1733625980.554069,66,"{20639: 62344, 20640: 62344, 20641: 85669, 20642: 57639, 20643: 85669, 20645: 52945, 20646: 686, 20647: 57639, 20648: 953, 20650: 58096, 20651: 52945, 20652: 62344, 20653: 57639, 20654: 52945, 20693: 57639, 20698: 85669, 20717: 85669, 20725: 52945, 20759: 52945, 20790: 1193, 20806: 52945, 20820: 58096, 21077: 52945}",0.0,filho
15134.530877000001,Cruzamento,1733625982.218109,68,"{20639: 62344, 20640: 62344, 20641: 85669, 20642: 57639, 20643: 85669, 20645: 57639, 20646: 52945, 20647: 953, 20648: 953, 20650: 58096, 20651: 52945, 20652: 953, 20653: 57639, 20654: 52945, 20693: 57639, 20698: 85669, 20717: 85669, 20725: 58096, 20759: 686, 20790: 58543, 20806: 686, 20820: 62344, 21077: 52945}",0.0,duplicado
16392.865201999997,Cruzamento,1733625982.2181103,68,"{20639: 62344, 20640: 62344, 20641: 85669, 20642: 57639, 20643: 85669, 20645: 57639, 20646: 52945, 20647: 953, 20648: 953, 20650: 58096, 20651: 52945, 20652: 953, 20653: 57639, 20654: 52945, 20693: 57639, 20698: 85669, 20717: 85669, 20725: 52945, 20759: 52945, 20790: 1193, 20806: 52945, 20820: 58096, 21077: 52945}",0.0,duplicado
15134.530876999994,Cruzamento,1733625982.493671,69,"{20639: 62344, 20640: 62344, 20641: 85669, 20642: 57639, 20643: 85669, 20645: 57639, 20646: 52945, 20647: 953, 20648: 953, 20650: 58096, 20651: 52945, 20652: 62344, 20653: 57639, 20654: 52945, 20693: 57639, 20698: 62344, 20717: 52945, 20725: 58096, 20759: 686, 20790: 58543, 20806: 686, 20820: 62344, 21077: 52945}",0.0,filho
13469.632877,Cruzamento,1733625982.4936721,69,"{20639: 686, 20640: 1391, 20641: 62344, 20642: 58096, 20643: 57639, 20645: 52945, 20646: 686, 20647: 57639, 20648: 953, 20650: 58096, 20651: 52945, 20652: 953, 20653: 57639, 20654: 52945, 20693: 57639, 20698: 85669, 20717: 85669, 20725: 52945, 20759: 1391, 20790: 57639, 20806: 58543, 20820: 85669, 21077: 52945}",0.0,filho
13469.632877,Mutação,1733625983.4223802,70,"{20639: 686, 20640: 1391, 20641: 62344, 20642: 58096, 20643: 57639, 20645: 52945, 20646: 686, 20647: 1391, 20648: 953, 20650: 58096, 20651: 52945, 20652: 62344, 20653: 57639, 20654: 52945, 20693: 57639, 20698: 62344, 20717: 52945, 20725: 58096, 20759: 686, 20790: 57639, 20806: 58543, 20820: 85669, 21077: 52945}",0.0,filho
16281.132877000004,Cruzamento,1733625984.455304,71,"{20639: 62344, 20640: 62344, 20641: 85669, 20642: 57639, 20643: 52945, 20645: 52945, 20646: 686, 20647: 57639, 20648: 1391, 20650: 85669, 20651: 1391, 20652: 62344, 20653: 1391, 20654: 52945, 20693: 57639, 20698: 62344, 20717: 52945, 20725: 58096, 20759: 686, 20790: 58543, 20806: 686, 20820: 85669, 21077: 52945}",0.0,filho
15134.530877000005,Cruzamento,1733625984.455305,71,"{20639: 62344, 20640: 62344, 20641: 85669, 20642: 57639, 20643: 85669, 20645: 52945, 20646: 686, 20647: 57639, 20648: 953, 20650: 58096, 20651: 52945, 20652: 62344, 20653: 57639, 20654: 52945, 20693: 57639, 20698: 62344, 20717: 52945, 20725: 58096, 20759: 686, 20790: 58543, 20806: 686, 20820: 58096, 21077: 52945}",0.0,duplicado
14833.551902000003,Cruzamento,1733625985.1566272,72,"{20639: 62344, 20640: 62344, 20641: 85669, 20642: 57639, 20643: 52945, 20645: 52945, 20646: 686, 20647: 57639, 20648: 953, 20650: 58096, 20651: 52945, 20652: 953, 20653: 57639, 20654: 52945, 20693: 57639, 20698: 62344, 20717: 52945, 20725: 58096, 20759: 686, 20790: 58543, 20806: 686, 20820: 62344, 21077: 52945}",0.0,filho
15134.530877000005,Cruzamento,1733625985.1566288,72,"{20639: 62344, 20640: 62344, 20641: 85669, 20642: 57639, 20643: 85669, 20645: 52945, 20646: 686, 20647: 57639, 20648: 953, 20650: 58096, 20651: 52945, 20652: 62344, 20653: 57639, 20654: 52945, 20693: 57639, 20698: 62344, 20717: 52945, 20725: 58096, 20759: 686, 20790: 58543, 20806: 686, 20820: 58096, 21077: 52945}",0.0,duplicado
13950.507902000001,Mutação,1733625985.8505757,73,"{20639: 62344, 20640: 62344, 20641: 85669, 20642: 57639, 20643: 52945, 20645: 52945, 20646: 686, 20647: 57639, 20648: 953, 20650: 58096, 20651: 52945, 20652: 953, 20653: 57639, 20654: 52945, 20693: 57639, 20698: 62344, 20717: 52945, 20725: 58096, 20759: 686, 20790: 1540, 20806: 686, 20820: 62344, 21077: 52945}",0.0,filho
16392.865201999997,Mutação,1733625985.8505769,73,"{20639: 62344, 20640: 62344, 20641: 85669, 20642: 57639, 20643: 85669, 20645: 57639, 20646: 52945, 20647: 953, 20648: 953, 20650: 58096, 20651: 52945, 20652: 953, 20653: 57639, 20654: 52945, 20693: 57639, 20698: 85669, 20717: 85669, 20725: 52945, 20759: 52945, 20790: 1193, 20806: 52945, 20820: 58096, 21077: 52945}",0.0,duplicado
13616.829201999997,Cruzamento,1733625986.3542006,74,"{20639: 62344, 20640: 62344, 20641: 85669, 20642: 58096, 20643: 57639, 20645: 52945, 20646: 686, 20647: 57639, 20648: 953, 20650: 58096, 20651: 52945, 20652: 62344, 20653: 57639, 20654: 52945, 20693: 57639, 20698: 62344, 20717: 85669, 20725: 52945, 20759: 52945, 20790: 1193, 20806: 52945, 20820: 58096, 21077: 52945}",0.0,filho
15134.530877000005,Cruzamento,1733625986.3542018,74,"{20639: 62344, 20640: 62344, 20641: 85669, 20642: 57639, 20643: 85669, 20645: 52945, 20646: 686, 20647: 57639, 20648: 953, 20650: 58096, 20651: 52945, 20652: 62344, 20653: 57639, 20654: 52945, 20693: 57639, 20698: 62344, 20717: 52945, 20725: 58096, 20759: 686, 20790: 58543, 20806: 686, 20820: 58096, 21077: 52945}",0.0,duplicado
16392.865202,Cruzamento,1733625986.809853,75,"{20639: 62344, 20640: 62344, 20641: 85669, 20642: 57639, 20643: 85669, 20645: 57639, 20646: 52945, 20647: 953, 20648: 953, 20650: 58096, 20651: 52945, 20652: 953, 20653: 57639, 20654: 52945, 20693: 57639, 20698: 85669, 20717: 58096, 20725: 52945, 20759: 52945, 20790: 1193, 20806: 52945, 20820: 62344, 21077: 52945}",0.0,duplicado
15134.530876999997,Cruzamento,1733625986.8098543,75,"{20639: 62344, 20640: 62344, 20641: 85669, 20642: 57639, 20643: 85669, 20645: 57639, 20646: 52945, 20647: 953, 20648: 953, 20650: 58096, 20651: 52945, 20652: 953, 20653: 57639, 20654: 52945, 20693: 57639, 20698: 62344, 20717: 52945, 20725: 58096, 20759: 686, 20790: 58543, 20806: 686, 20820: 58096, 21077: 52945}",0.0,duplicado
15217.344877,Cruzamento,1733625987.0365796,76,"{20639: 686, 20640: 1391, 20641: 62344, 20642: 58096, 20643: 57639, 20645: 52945, 20646: 686, 20647: 57639, 20648: 953, 20650: 58096, 20651: 52945, 20652: 62344, 20653: 57639, 20654: 52945, 20693: 57639, 20698: 62344, 20717: 52945, 20725: 58096, 20759: 686, 20790: 58543, 20806: 686, 20820: 62344, 21077: 52945}",0.0,duplicado
15217.344877000003,Cruzamento,1733625987.0365806,76,"{20639: 686, 20640: 1391, 20641: 62344, 20642: 58096, 20643: 57639, 20645: 52945, 20646: 686, 20647: 57639, 20648: 953, 20650: 58096, 20651: 52945, 20652: 62344, 20653: 57639, 20654: 52945, 20693: 57639, 20698: 62344, 20717: 52945, 20725: 58096, 20759: 686, 20790: 58543, 20806: 686, 20820: 58096, 21077: 52945}",0.0,duplicado
16281.132877000002,Cruzamento,1733625987.2667036,77,"{20639: 62344, 20640: 62344, 20641: 85669, 20642: 57639, 20643: 52945, 20645: 52945, 20646: 686, 20647: 57639, 20648: 1391, 20650: 85669, 20651: 1391, 20652: 62344, 20653: 1391, 20654: 52945, 20693: 57639, 20698: 62344, 20717: 52945, 20725: 58096, 20759: 686, 20790: 57639, 20806: 58543, 20820: 85669, 21077: 52945}",0.0,filho
14833.551902000007,Cruzamento,1733625987.9508653,78,"{20639: 62344, 20640: 62344, 20641: 85669, 20642: 57639, 20643: 52945, 20645: 52945, 20646: 686, 20647: 57639, 20648: 953, 20650: 58096, 20651: 52945, 20652: 953, 20653: 57639, 20654: 52945, 20693: 57639, 20698: 62344, 20717: 52945, 20725: 58096, 20759: 686, 20790: 58543, 20806: 686, 20820: 58096, 21077: 52945}",0.0,duplicado
15134.530877000001,Cruzamento,1733625987.9508662,78,"{20639: 62344, 20640: 62344, 20641: 85669, 20642: 57639, 20643: 85669, 20645: 52945, 20646: 686, 20647: 57639, 20648: 953, 20650: 58096, 20651: 52945, 20652: 62344, 20653: 57639, 20654: 52945, 20693: 57639, 20698: 62344, 20717: 52945, 20725: 58096, 20759: 686, 20790: 58543, 20806: 686, 20820: 62344, 21077: 52945}",0.0,duplicado
13699.643201999996,Cruzamento,1733625988.16829,79,"{20639: 686, 20640: 1391, 20641: 62344, 20642: 58096, 20643: 57639, 20645: 52945, 20646: 686, 20647: 57639, 20648: 953, 20650: 58096, 20651: 52945, 20652: 62344, 20653: 57639, 20654: 52945, 20693: 57639, 20698: 62344, 20717: 52945, 20725: 58096, 20759: 52945, 20790: 1193, 20806: 52945, 20820: 62344, 21077: 52945}",0.0,filho
15134.530877000005,Cruzamento,1733625988.1682909,79,"{20639: 62344, 20640: 62344, 20641: 85669, 20642: 57639, 20643: 85669, 20645: 57639, 20646: 52945, 20647: 953, 20648: 953, 20650: 58096, 20651: 52945, 20652: 953, 20653: 57639, 20654: 52945, 20693: 57639, 20698: 85669, 20717: 58096, 20725: 52945, 20759: 686, 20790: 58543, 20806: 686, 20820: 58096, 21077: 52945}",0.0,filho
16245.668877000002,Cruzamento,1733625988.8504286,80,"{20639: 62344, 20640: 62344, 20641: 85669, 20642: 57639, 20643: 85669, 20645: 57639, 20646: 52945, 20647: 953, 20648: 953, 20650: 58096, 20651: 52945, 20652: 953, 20653: 57639, 20654: 52945, 20693: 57639, 20698: 85669, 20717: 85669, 20725: 52945, 20759: 1391, 20790: 57639, 20806: 58543, 20820: 85669, 21077: 52945}",0.0,duplicado
15134.530876999997,Cruzamento,1733625988.8504298,80,"{20639: 62344, 20640: 62344, 20641: 85669, 20642: 57639, 20643: 85669, 20645: 57639, 20646: 52945, 20647: 953, 20648: 953, 20650: 58096, 20651: 52945, 20652: 953, 20653: 57639, 20654: 52945, 20693: 57639, 20698: 62344, 20717: 52945, 20725: 58096, 20759: 686, 20790: 58543, 20806: 686, 20820: 58096, 21077: 52945}",0.0,duplicado
15134.530877000005,Cruzamento,1733625989.07445,81,"{20639: 62344, 20640: 62344, 20641: 85669, 20642: 57639, 20643: 85669, 20645: 52945, 20646: 686, 20647: 57639, 20648: 953, 20650: 58096, 20651: 52945, 20652: 62344, 20653: 57639, 20654: 52945, 20693: 57639, 20698: 62344, 20717: 52945, 20725: 58096, 20759: 686, 20790: 58543, 20806: 686, 20820: 58096, 21077: 52945}",0.0,duplicado
15134.530877000001,Cruzamento,1733625989.0744512,81,"{20639: 62344, 20640: 62344, 20641: 85669, 20642: 58096, 20643: 57639, 20645: 52945, 20646: 686, 20647: 57639, 20648: 953, 20650: 58096, 20651: 52945, 20652: 62344, 20653: 57639, 20654: 52945, 20693: 57639, 20698: 62344, 20717: 52945, 20725: 58096, 20759: 686, 20790: 58543, 20806: 686, 20820: 85669, 21077: 52945}",0.0,filho
16281.132877,Cruzamento,1733625989.5230715,82,"{20639: 62344, 20640: 62344, 20641: 85669, 20642: 57639, 20643: 85669, 20645: 57639, 20646: 52945, 20647: 57639, 20648: 1391, 20650: 85669, 20651: 1391, 20652: 62344, 20653: 1391, 20654: 52945, 20693: 57639, 20698: 62344, 20717: 52945, 20725: 58096, 20759: 686, 20790: 58543, 20806: 686, 20820: 58096, 21077: 52945}",0.0,filho
16281.132877000002,Mutação,1733625990.2020373,83,"{20639: 62344, 20640: 1391, 20641: 85669, 20642: 57639, 20643: 85669, 20645: 52945, 20646: 686, 20647: 57639, 20648: 1391, 20650: 85669, 20651: 1391, 20652: 62344, 20653: 1391, 20654: 52945, 20693: 57639, 20698: 62344, 20717: 52945, 20725: 58096, 20759: 686, 20790: 57639, 20806: 58543, 20820: 62344, 21077: 52945}",0.0,filho
15134.530876999997,Cruzamento,1733625990.9549153,84,"{20639: 62344, 20640: 62344, 20641: 85669, 20642: 57639, 20643: 85669, 20645: 57639, 20646: 52945, 20647: 953, 20648: 953, 20650: 58096, 20651: 52945, 20652: 953, 20653: 57639, 20654: 52945, 20693: 57639, 20698: 62344, 20717: 52945, 20725: 58096, 20759: 686, 20790: 58543, 20806: 686, 20820: 58096, 21077: 52945}",0.0,duplicado
16281.132876999996,Cruzamento,1733625990.9549167,84,"{20639: 62344, 20640: 62344, 20641: 85669, 20642: 57639, 20643: 85669, 20645: 57639, 20646: 52945, 20647: 57639, 20648: 1391, 20650: 85669, 20651: 1391, 20652: 62344, 20653: 1391, 20654: 52945, 20693: 57639, 20698: 62344, 20717: 52945, 20725: 58096, 20759: 686, 20790: 58543, 20806: 686, 20820: 62344, 21077: 52945}",0.0,filho
16392.865202,Cruzamento,1733625991.3985295,85,"{20639: 62344, 20640: 62344, 20641: 85669, 20642: 57639, 20643: 85669, 20645: 57639, 20646: 52945, 20647: 953, 20648: 953, 20650: 58096, 20651: 52945, 20652: 953, 20653: 57639, 20654: 52945, 20693: 57639, 20698: 85669, 20717: 58096, 20725: 52945, 20759: 52945, 20790: 1193, 20806: 52945, 20820: 62344, 21077: 52945}",0.0,duplicado
15134.530877000005,Cruzamento,1733625991.3985302,85,"{20639: 62344, 20640: 62344, 20641: 85669, 20642: 57639, 20643: 85669, 20645: 57639, 20646: 52945, 20647: 953, 20648: 953, 20650: 58096, 20651: 52945, 20652: 953, 20653: 57639, 20654: 52945, 20693: 57639, 20698: 85669, 20717: 58096, 20725: 52945, 20759: 686, 20790: 58543, 20806: 686, 20820: 58096, 21077: 52945}",0.0,duplicado
16281.132877,Cruzamento,1733625992.3352864,87,"{20639: 62344, 20640: 62344, 20641: 85669, 20642: 57639, 20643: 85669, 20645: 57639, 20646: 52945, 20647: 57639, 20648: 1391, 20650: 85669, 20651: 1391, 20652: 62344, 20653: 1391, 20654: 52945, 20693: 57639, 20698: 62344, 20717: 52945, 20725: 58096, 20759: 686, 20790: 58543, 20806: 686, 20820: 58096, 21077: 52945}",0.0,duplicado
15217.344877000003,Cruzamento,1733625992.3352873,87,"{20639: 686, 20640: 1391, 20641: 62344, 20642: 58096, 20643: 57639, 20645: 52945, 20646: 686, 20647: 57639, 20648: 953, 20650: 58096, 20651: 52945, 20652: 62344, 20653: 57639, 20654: 52945, 20693: 57639, 20698: 62344, 20717: 52945, 20725: 58096, 20759: 686, 20790: 58543, 20806: 686, 20820: 58096, 21077: 52945}",0.0,duplicado
16281.132877,Cruzamento,1733625992.563152,88,"{20639: 62344, 20640: 62344, 20641: 85669, 20642: 57639, 20643: 85669, 20645: 57639, 20646: 52945, 20647: 57639, 20648: 1391, 20650: 85669, 20651: 52945, 20652: 62344, 20653: 57639, 20654: 52945, 20693: 57639, 20698: 62344, 20717: 52945, 20725: 58096, 20759: 686, 20790: 58543, 20806: 686, 20820: 62344, 21077: 52945}",0.0,filho
15217.344877000003,Cruzamento,1733625992.5631533,88,"{20639: 686, 20640: 1391, 20641: 62344, 20642: 58096, 20643: 57639, 20645: 52945, 20646: 686, 20647: 57639, 20648: 953, 20650: 58096, 20651: 1391, 20652: 62344, 20653: 1391, 20654: 52945, 20693: 57639, 20698: 62344, 20717: 52945, 20725: 58096, 20759: 686, 20790: 58543, 20806: 686, 20820: 58096, 21077: 52945}",0.0,filho
15134.530877000005,Cruzamento,1733625993.2111723,89,"{20639: 62344, 20640: 62344, 20641: 85669, 20642: 57639, 20643: 85669, 20645: 52945, 20646: 686, 20647: 57639, 20648: 953, 20650: 58096, 20651: 52945, 20652: 62344, 20653: 57639, 20654: 52945, 20693: 57639, 20698: 62344, 20717: 52945, 20725: 58096, 20759: 686, 20790: 58543, 20806: 686, 20820: 58096, 21077: 52945}",0.0,duplicado
16245.668877000002,Cruzamento,1733625993.2111733,89,"{20639: 62344, 20640: 62344, 20641: 85669, 20642: 57639, 20643: 85669, 20645: 57639, 20646: 52945, 20647: 953, 20648: 953, 20650: 58096, 20651: 52945, 20652: 953, 20653: 57639, 20654: 52945, 20693: 57639, 20698: 85669, 20717: 85669, 20725: 52945, 20759: 1391, 20790: 57639, 20806: 58543, 20820: 85669, 21077: 52945}",0.0,duplicado
15134.530877000001,Cruzamento,1733625994.8958452,92,"{20639: 62344, 20640: 62344, 20641: 85669, 20642: 57639, 20643: 85669, 20645: 52945, 20646: 686, 20647: 57639, 20648: 953, 20650: 58096, 20651: 52945, 20652: 62344, 20653: 57639, 20654: 52945, 20693: 57639, 20698: 62344, 20717: 52945, 20725: 58096, 20759: 686, 20790: 58543, 20806: 686, 20820: 62344, 21077: 52945}",0.0,duplicado
15134.530877000001,Cruzamento,1733625994.8958461,92,"{20639: 62344, 20640: 62344, 20641: 85669, 20642: 57639, 20643: 85669, 20645: 57639, 20646: 52945, 20647: 953, 20648: 953, 20650: 58096, 20651: 52945, 20652: 953, 20653: 57639, 20654: 52945, 20693: 57639, 20698: 85669, 20717: 85669, 20725: 58096, 20759: 686, 20790: 58543, 20806: 686, 20820: 85669, 21077: 52945}",0.0,duplicado
18168.786876999995,Cruzamento,1733625995.1148918,93,"{20639: 62344, 20640: 62344, 20641: 85669, 20642: 57639, 20643: 85669, 20645: 57639, 20646: 52945, 20647: 57639, 20648: 1391, 20650: 85669, 20651: 1391, 20652: 62344, 20653: 1391, 20654: 52945, 20693: 57639, 20698: 62344, 20717: 85669, 20725: 52945, 20759: 52945, 20790: 1193, 20806: 52945, 20820: 58096, 21077: 52945}",0.0,filho
15134.530876999997,Cruzamento,1733625995.1148927,93,"{20639: 62344, 20640: 62344, 20641: 85669, 20642: 57639, 20643: 85669, 20645: 57639, 20646: 52945, 20647: 953, 20648: 953, 20650: 58096, 20651: 52945, 20652: 953, 20653: 57639, 20654: 52945, 20693: 57639, 20698: 85669, 20717: 52945, 20725: 58096, 20759: 686, 20790: 58543, 20806: 686, 20820: 58096, 21077: 52945}",0.0,filho
15555.576877000003,Mutação,1733625995.8119845,94,"{20639: 62344, 20640: 62344, 20641: 85669, 20642: 57639, 20643: 85669, 20645: 57639, 20646: 1391, 20647: 57639, 20648: 1391, 20650: 85669, 20651: 1391, 20652: 953, 20653: 57639, 20654: 52945, 20693: 57639, 20698: 85669, 20717: 85669, 20725: 52945, 20759: 52945, 20790: 1193, 20806: 52945, 20820: 58543, 21077: 52945}",0.0,filho
16245.668877000002,Cruzamento,1733625996.7661967,95,"{20639: 62344, 20640: 62344, 20641: 85669, 20642: 57639, 20643: 85669, 20645: 57639, 20646: 52945, 20647: 953, 20648: 953, 20650: 58096, 20651: 52945, 20652: 953, 20653: 57639, 20654: 52945, 20693: 57639, 20698: 85669, 20717: 85669, 20725: 52945, 20759: 1391, 20790: 57639, 20806: 58543, 20820: 85669, 21077: 52945}",0.0,duplicado
18168.786876999995,Cruzamento,1733625996.766198,95,"{20639: 62344, 20640: 62344, 20641: 85669, 20642: 57639, 20643: 85669, 20645: 57639, 20646: 52945, 20647: 57639, 20648: 1391, 20650: 85669, 20651: 1391, 20652: 62344, 20653: 1391, 20654: 52945, 20693: 57639, 20698: 62344, 20717: 85669, 20725: 52945, 20759: 52945, 20790: 1193, 20806: 52945, 20820: 58096, 21077: 52945}",0.0,duplicado
15357.286877,Mutação,1733625997.0814993,96,"{20639: 62344, 20640: 62344, 20641: 85669, 20642: 57639, 20643: 85669, 20645: 57639, 20646: 52945, 20647: 953, 20648: 1391, 20650: 85669, 20651: 1391, 20652: 62344, 20653: 1391, 20654: 52945, 20693: 57639, 20698: 62344, 20717: 85669, 20725: 52945, 20759: 52945, 20790: 1193, 20806: 52945, 20820: 58096, 21077: 52945}",0.0,filho
16281.132877000004,Cruzamento,1733625998.1087074,97,"{20639: 62344, 20640: 62344, 20641: 85669, 20642: 57639, 20643: 52945, 20645: 52945, 20646: 686, 20647: 57639, 20648: 1391, 20650: 85669, 20651: 1391, 20652: 62344, 20653: 1391, 20654: 52945, 20693: 57639, 20698: 62344, 20717: 52945, 20725: 58096, 20759: 686, 20790: 58543, 20806: 686, 20820: 85669, 21077: 52945}",0.0,duplicado
16281.132877000002,Cruzamento,1733625998.1087086,97,"{20639: 62344, 20640: 62344, 20641: 85669, 20642: 57639, 20643: 52945, 20645: 52945, 20646: 686, 20647: 57639, 20648: 1391, 20650: 85669, 20651: 1391, 20652: 62344, 20653: 1391, 20654: 52945, 20693: 57639, 20698: 62344, 20717: 52945, 20725: 58096, 20759: 686, 20790: 57639, 20806: 58543, 20820: 85669, 21077: 52945}",0.0,duplicado
16392.865201999997,Cruzamento,1733625998.3847008,98,"{20639: 62344, 20640: 62344, 20641: 85669, 20642: 57639, 20643: 85669, 20645: 57639, 20646: 52945, 20647: 953, 20648: 953, 20650: 58096, 20651: 52945, 20652: 953, 20653: 57639, 20654: 52945, 20693: 57639, 20698: 85669, 20717: 85669, 20725: 52945, 20759: 52945, 20790: 1193, 20806: 52945, 20820: 58096, 21077: 52945}",0.0,duplicado
18168.786876999995,Cruzamento,1733625998.384702,98,"{20639: 62344, 20640: 62344, 20641: 85669, 20642: 57639, 20643: 85669, 20645: 57639, 20646: 52945, 20647: 57639, 20648: 1391, 20650: 85669, 20651: 1391, 20652: 62344, 20653: 1391, 20654: 52945, 20693: 57639, 20698: 62344, 20717: 85669, 20725: 52945, 20759: 52945, 20790: 1193, 20806: 52945, 20820: 58096, 21077: 52945}",0.0,duplicado
16281.132877000002,Cruzamento,1733625999.7007098,100,"{20639: 62344, 20640: 62344, 20641: 85669, 20642: 57639, 20643: 52945, 20645: 52945, 20646: 686, 20647: 57639, 20648: 1391, 20650: 85669, 20651: 1391, 20652: 62344, 20653: 1391, 20654: 52945, 20693: 57639, 20698: 62344, 20717: 52945, 20725: 58096, 20759: 686, 20790: 57639, 20806: 58543, 20820: 85669, 21077: 52945}",0.0,duplicado
16281.132877000004,Cruzamento,1733625999.7007113,100,"{20639: 62344, 20640: 62344, 20641: 85669, 20642: 57639, 20643: 52945, 20645: 52945, 20646: 686, 20647: 57639, 20648: 1391, 20650: 85669, 20651: 1391, 20652: 62344, 20653: 1391, 20654: 52945, 20693: 57639, 20698: 62344, 20717: 52945, 20725: 58096, 20759: 686, 20790: 58543, 20806: 686, 20820: 85669, 21077: 52945}",0.0,duplicado
